source,landmark_estimate,eccentricity,reached,distance_sum
841907,441,508,1957027,442612016
840829,444,511,1957027,438107592
1505993,448,511,1957027,435307928
856299,446,513,1957027,445673400
1525760,451,514,1957027,463068977
1527366,452,515,1957027,455114731
1527087,453,516,1957027,455148721
852424,450,517,1957027,443071142
1505935,454,517,1957027,442846240
777248,460,519,1957027,565789851
1803122,508,520,1957027,499142305
1505965,458,521,1957027,450174273
1805803,513,521,1957027,510635709
788410,498,522,1957027,517046939
854599,455,522,1957027,460377772
1659096,456,523,1957027,452733063
704194,489,524,1957027,577520300
855607,457,524,1957027,458788845
1484785,515,524,1957027,499187963
1506922,461,524,1957027,452930291
740087,459,525,1957027,571017097
1490259,514,526,1957027,499969646
1531250,459,526,1957027,447570810
1788709,504,526,1957027,511892769
1794431,474,526,1957027,536549974
790256,478,527,1957027,576465318
1531258,460,527,1957027,450956988
1791499,505,527,1957027,517223988
1893526,473,527,1957027,581266030
741710,477,528,1957027,584889563
778319,521,528,1957027,520039995
840055,465,528,1957027,489023818
1483994,517,528,1957027,503103732
1530522,465,528,1957027,457083655
1789117,520,528,1957027,508749375
1800917,488,528,1957027,524617728
794350,507,529,1957027,531783681
858744,462,529,1957027,467290888
1597203,522,529,1957027,496980592
1791890,478,529,1957027,539195947
714950,471,530,1957027,560059896
741694,480,530,1957027,588910164
782385,487,530,1957027,537144728
796679,456,530,1957027,557313160
842741,463,530,1957027,483224784
1490961,508,530,1957027,521588479
1647971,463,530,1957027,463035827
205749,509,531,1957027,532155976
714370,461,531,1957027,553435789
797516,503,531,1957027,538905033
864718,464,531,1957027,469823124
1796693,497,531,1957027,523952923
1894494,457,531,1957027,564038664
745863,482,532,1957027,590608057
715180,490,533,1957027,585394785
715326,492,533,1957027,583882555
744193,483,533,1957027,591555337
796897,533,533,1957027,502329159
855531,466,533,1957027,480346657
1649100,466,533,1957027,470309303
714206,468,534,1957027,562081623
776704,534,534,1957027,512907024
779536,527,534,1957027,526712009
858908,467,534,1957027,475437385
1651216,467,534,1957027,472250969
1804465,489,534,1957027,534613278
1804511,483,534,1957027,538749304
1903785,475,534,1957027,594975931
860662,468,535,1957027,477841691
1652727,468,535,1957027,471442219
1902158,477,535,1957027,597020936
201781,485,536,1957027,551910597
712958,479,536,1957027,559336885
736260,486,536,1957027,600485925
736377,494,536,1957027,601203563
745852,481,536,1957027,599128961
864151,469,536,1957027,470546339
1654298,469,536,1957027,473136571
1803760,511,536,1957027,533815536
1805525,491,536,1957027,540745237
716275,503,537,1957027,590083432
792417,500,537,1957027,534746286
864624,470,537,1957027,470522948
1515384,474,537,1957027,444947412
1604999,521,537,1957027,504568917
1653602,470,537,1957027,475115337
1796819,507,537,1957027,537196546
862155,471,538,1957027,481898357
1651742,471,538,1957027,478490512
1787451,487,538,1957027,544558018
1891843,479,538,1957027,601638753
713818,491,539,1957027,580478027
742966,510,539,1957027,600909665
859004,472,539,1957027,483327714
1519981,476,539,1957027,448277170
1646645,472,539,1957027,478187189
204541,488,540,1957027,553567111
795870,474,540,1957027,559837174
842869,473,540,1957027,499358299
1484302,518,540,1957027,517348926
1490234,503,540,1957027,529907805
1540155,473,540,1957027,466004538
1798099,501,540,1957027,541338908
1903565,466,540,1957027,581206393
1120,538,541,1957027,509849503
1482525,516,541,1957027,523819124
1507663,478,541,1957027,477465089
1594801,507,541,1957027,492148594
1804577,490,541,1957027,552436001
1901551,481,541,1957027,606147635
739017,511,542,1957027,609819671
839738,479,542,1957027,509730430
861875,475,542,1957027,489329962
1483272,526,542,1957027,520272132
1495384,532,542,1957027,530483531
1647655,475,542,1957027,483434536
1900586,472,542,1957027,563189196
785480,485,543,1957027,581549428
831479,476,543,1957027,484532059
1198721,502,543,1957027,493492720
736113,464,544,1957027,582723117
738179,495,544,1957027,603700267
787993,488,544,1957027,599842540
861501,477,544,1957027,490848715
1494391,533,544,1957027,528367433
1646966,477,544,1957027,486649922
717704,497,545,1957027,593328960
1492218,534,545,1957027,527806672
737459,475,546,1957027,585219842
738349,499,546,1957027,609061855
816987,429,546,1957027,596847826
1477840,538,546,1957027,520705354
1480838,524,546,1957027,535575146
1482399,519,546,1957027,533371531
1494576,530,546,1957027,523099847
1538588,479,546,1957027,465061241
846826,483,547,1957027,519263132
857962,480,547,1957027,495791736
1511934,484,547,1957027,483849958
1553522,480,547,1957027,483123844
1803425,496,547,1957027,555656647
712164,500,548,1957027,599160803
736206,469,548,1957027,585870306
737478,470,548,1957027,586837267
861588,481,548,1957027,494229991
1488106,540,548,1957027,515516261
1589367,481,548,1957027,482878406
1605546,502,548,1957027,492180942
718944,520,549,1957027,609315616
861131,482,549,1957027,502158547
1193908,510,549,1957027,513315750
1484387,527,549,1957027,527542773
1493628,513,549,1957027,536631411
1513005,486,549,1957027,480507419
1554886,482,549,1957027,487374566
1800170,512,549,1957027,559359690
1887615,476,549,1957027,591155037
361,550,550,1957027,515106116
108904,542,550,1957027,515233007
1486894,528,550,1957027,541539497
1537453,483,550,1957027,470055917
1803597,499,550,1957027,571126117
139380,543,551,1957027,511478641
732920,484,551,1957027,463160140
746989,502,551,1957027,599328943
831266,484,551,1957027,496231727
1492351,529,551,1957027,536811726
1496161,488,551,1957027,508261598
1658463,484,551,1957027,498186816
94288,501,552,1957027,565435731
865004,485,552,1957027,499691909
1481401,525,552,1957027,541067560
1488324,536,552,1957027,534815998
1507346,489,552,1957027,499361140
1550309,485,552,1957027,493170830
1562751,489,552,1957027,462184162
832549,486,553,1957027,500956907
1488995,535,553,1957027,536596363
1495792,531,553,1957027,527682297
1514279,490,553,1957027,490659583
1567433,490,553,1957027,460786322
1648860,486,553,1957027,499252369
862627,487,554,1957027,500957951
1488890,537,554,1957027,539014089
1517026,491,554,1957027,498290794
1534957,487,554,1957027,495373946
1571326,491,554,1957027,455960366
1606906,538,554,1957027,529184519
94102,504,555,1957027,565701240
833974,492,555,1957027,525642220
1520370,492,555,1957027,475449053
1549597,488,555,1957027,490625167
1896052,465,555,1957027,620830394
833142,490,556,1957027,504245201
1598242,492,556,1957027,493971614
108075,553,557,1957027,492057493
183672,505,557,1957027,540995311
1898227,482,557,1957027,635060149
1899252,480,557,1957027,634112090
32933,555,558,1957027,523808794
183481,506,558,1957027,542355134
704340,529,558,1957027,610619859
832751,491,558,1957027,508118951
843879,506,558,1957027,536596012
849877,495,558,1957027,528683758
1146349,555,558,1957027,508288755
736386,509,559,1957027,611567158
843282,496,559,1957027,516638845
845034,512,559,1957027,544911417
1481951,520,559,1957027,557645329
1518071,496,559,1957027,477407307
1578477,496,559,1957027,450862747
1889839,485,559,1957027,624517794
144499,557,560,1957027,518468386
184660,508,560,1957027,522623488
726530,493,560,1957027,479239260
846748,493,560,1957027,533404829
1507341,497,560,1957027,510430474
1532243,493,560,1957027,506885644
1562689,497,560,1957027,475535518
1634173,493,560,1957027,505566685
143312,558,561,1957027,511990341
704333,532,561,1957027,611371532
863202,494,561,1957027,509860241
1148070,539,561,1957027,551993804
1536665,494,561,1957027,508567764
1605205,555,561,1957027,523509982
1648703,494,561,1957027,515663206
1422,551,562,1957027,522664717
210197,510,562,1957027,546755505
701361,498,562,1957027,594310944
819283,489,562,1957027,618883926
1517321,499,562,1957027,484654294
1534200,495,562,1957027,503301807
1586100,499,562,1957027,453856021
1604183,523,562,1957027,524279618
1621339,495,562,1957027,498238246
435,563,563,1957027,525414086
138777,559,563,1957027,524184440
139012,556,563,1957027,528006483
207814,511,563,1957027,566743240
732823,496,563,1957027,472487827
847185,499,563,1957027,542638841
1147342,556,563,1957027,534640589
1601863,554,563,1957027,542564154
1618456,532,563,1957027,532170465
35067,561,564,1957027,538057936
828794,497,564,1957027,510005863
1508701,501,564,1957027,498425214
1577275,501,564,1957027,479928399
1604837,558,564,1957027,544161806
1617663,533,564,1957027,532762091
1618668,531,564,1957027,532686155
1623093,520,564,1957027,523118846
190956,513,565,1957027,525770122
843865,501,565,1957027,528597158
1147523,557,565,1957027,546444313
1193001,511,565,1957027,526812555
1466771,498,565,1957027,491455635
1479672,543,565,1957027,563541832
1543449,498,565,1957027,495107752
1592605,542,565,1957027,544767108
1754095,498,565,1957027,484898910
124834,554,566,1957027,513195836
131440,560,566,1957027,512483098
146098,565,566,1957027,522047677
188429,514,566,1957027,537571293
700549,502,566,1957027,596216181
1895913,461,566,1957027,630210832
91718,495,567,1957027,604810372
129513,561,567,1957027,522287901
130766,555,567,1957027,509591121
186550,515,567,1957027,525616666
837367,504,567,1957027,522399434
1466930,500,567,1957027,496989281
1499900,504,567,1957027,493562476
1543510,500,567,1957027,493983194
1574486,504,567,1957027,488510528
1753611,500,567,1957027,486013587
1902009,492,567,1957027,645516119
33745,564,568,1957027,524503475
89622,494,568,1957027,606101823
184452,516,568,1957027,541934189
702743,528,568,1957027,610030306
734219,501,568,1957027,476692711
849714,505,568,1957027,543626549
1512212,505,568,1957027,502185932
1577373,505,568,1957027,487896274
99403,526,569,1957027,573293186
121774,562,569,1957027,534333268
145282,563,569,1957027,519938737
1476601,561,569,1957027,553200162
1502055,506,569,1957027,518153544
1535783,502,569,1957027,518220356
1574164,506,569,1957027,492394021
110585,536,570,1957027,498415350
144490,567,570,1957027,531112177
1174670,567,570,1957027,534679909
1552753,503,570,1957027,492119673
1643364,539,570,1957027,544945957
1734334,561,570,1957027,514226149
1753922,503,570,1957027,494642327
1886183,464,570,1957027,631574733
39720,559,571,1957027,537671990
95490,499,571,1957027,612503756
126345,564,571,1957027,529735973
144614,570,571,1957027,519703706
235573,535,571,1957027,593853497
716765,507,571,1957027,590641294
718004,542,571,1957027,607897505
730821,504,571,1957027,488464743
833911,508,571,1957027,543174132
1567580,508,571,1957027,456199677
1599001,559,571,1957027,543281803
1616885,540,571,1957027,543436402
34139,566,572,1957027,538860606
36742,560,572,1957027,537764644
42207,568,572,1957027,544556564
128929,566,572,1957027,531909485
734359,505,572,1957027,468838927
851708,509,572,1957027,547758962
1508946,509,572,1957027,512977942
1576801,509,572,1957027,497063491
1599619,566,572,1957027,542476926
53059,551,573,1957027,583688525
87454,522,573,1957027,582554513
732267,506,573,1957027,479948065
1521137,510,573,1957027,492591523
1577669,510,573,1957027,498038362
1752741,506,573,1957027,497971926
39431,544,574,1957027,528261974
87225,523,574,1957027,583101695
137357,568,574,1957027,519982824
137626,573,574,1957027,525659815
449190,522,574,1957027,529411898
1467719,507,574,1957027,508501912
1509051,511,574,1957027,511134785
1542322,507,574,1957027,489204593
1575661,511,574,1957027,499886577
1599432,568,574,1957027,547878774
1639767,545,574,1957027,529167225
1741737,552,574,1957027,516930795
88474,524,575,1957027,586405851
195682,546,575,1957027,604938817
231363,523,575,1957027,537951203
731618,508,575,1957027,482393632
1498632,512,575,1957027,526902282
1574715,512,575,1957027,504063417
1592045,553,575,1957027,563208124
1624573,508,575,1957027,530346952
1752687,553,575,1957027,518345481
4745,552,576,1957027,533442263
138156,576,576,1957027,531225178
194600,512,576,1957027,577113505
214328,537,576,1957027,593501819
217610,536,576,1957027,586013670
834927,513,576,1957027,540627417
1575325,513,576,1957027,504984433
1600828,570,576,1957027,560231012
1621062,524,576,1957027,538682039
1635594,509,576,1957027,521942119
1640032,548,576,1957027,534326801
4038,510,577,1957027,485113000
33530,576,577,1957027,544419665
40783,571,577,1957027,541596989
135696,571,577,1957027,540853036
231289,525,577,1957027,544004263
834259,514,577,1957027,539892442
1177397,569,577,1957027,566173199
1197324,542,577,1957027,560483718
1575207,514,577,1957027,506130516
1635657,510,577,1957027,528798617
1739396,529,577,1957027,495541477
3308,511,578,1957027,487796234
40380,556,578,1957027,545058768
84212,545,578,1957027,590252482
126515,569,578,1957027,540587121
145952,575,578,1957027,553294383
448833,526,578,1957027,536961395
829198,515,578,1957027,550152701
1181274,571,578,1957027,551190473
1574761,515,578,1957027,510501729
1628750,511,578,1957027,534328791
1639886,549,578,1957027,536655114
43477,573,579,1957027,542939256
457257,527,579,1957027,529628909
731431,512,579,1957027,486026536
1572525,516,579,1957027,496609807
1625924,512,579,1957027,536533368
48226,558,580,1957027,585451528
95616,546,580,1957027,594272354
123711,533,580,1957027,501956652
128320,574,580,1957027,542820589
134475,577,580,1957027,548429878
134747,578,580,1957027,548666171
726889,518,580,1957027,486084440
730366,513,580,1957027,495861471
823042,516,580,1957027,621826850
1177126,573,580,1957027,557177632
1573682,517,580,1957027,487663916
1604949,574,580,1957027,565705331
1626497,513,580,1957027,537286604
1736482,567,580,1957027,534001098
1745652,563,580,1957027,532121182
1885573,462,580,1957027,642583626
1950186,578,580,1957027,523564379
20696,569,581,1957027,547532407
89455,507,581,1957027,622388224
109089,521,581,1957027,492026084
727452,514,581,1957027,491841401
823167,517,581,1957027,618844509
1574970,518,581,1957027,513974305
1629038,514,581,1957027,540137178
1645171,547,581,1957027,561896776
1746112,569,581,1957027,534894343
1776130,525,581,1957027,494823580
5283,515,582,1957027,496637028
31133,562,582,1957027,549927117
726120,515,582,1957027,503309966
1571648,519,582,1957027,463223179
1626560,515,582,1957027,542181453
1738477,551,582,1957027,525234587
1744903,560,582,1957027,530650525
1905369,519,582,1957027,442929281
5207,516,583,1957027,498611298
128202,580,583,1957027,554269016
142497,540,583,1957027,511933666
706870,521,583,1957027,603217278
722816,516,583,1957027,493876287
823123,519,583,1957027,619706076
1565374,520,583,1957027,510581737
1626271,516,583,1957027,543751053
1745103,565,583,1957027,533761807
1950369,583,583,1957027,530938675
4456,517,584,1957027,499924812
84331,552,584,1957027,601878992
115031,517,584,1957027,499421580
123999,572,584,1957027,553869019
142902,582,584,1957027,551488425
236294,543,584,1957027,608873961
722861,517,584,1957027,491715569
873384,562,584,1957027,531900583
1176107,576,584,1957027,571035467
1604697,572,584,1957027,570534798
1628925,517,584,1957027,545381450
1643368,546,584,1957027,563341898
5268,518,585,1957027,502389068
116759,518,585,1957027,501222865
127963,583,585,1957027,552949493
449543,533,585,1957027,538934936
1607530,530,585,1957027,549896230
1629249,518,585,1957027,546458942
5315,519,586,1957027,504363670
51241,549,586,1957027,603588475
112693,520,586,1957027,494408809
114520,519,586,1957027,503352024
443831,534,586,1957027,513902335
722817,519,586,1957027,498051693
1152261,586,586,1957027,538378988
1617298,537,586,1957027,556346594
1618238,534,586,1957027,555624575
1625696,519,586,1957027,545216016
1738526,542,586,1957027,517692953
1750661,577,586,1957027,543834236
1953803,580,586,1957027,530556945
25630,543,587,1957027,531656630
51715,550,587,1957027,605558300
52140,539,587,1957027,604855149
54052,563,587,1957027,610517768
232793,558,587,1957027,591234161
1154932,585,587,1957027,550648026
44003,496,588,1957027,659982973
97676,537,588,1957027,612138588
121723,570,588,1957027,549138173
229995,559,588,1957027,594111383
242885,524,588,1957027,588331452
1148727,588,588,1957027,544701588
1186425,575,588,1957027,591415767
1471152,521,588,1957027,513158154
1551041,521,588,1957027,518932599
1557004,525,588,1957027,503322124
1762848,521,588,1957027,519582997
88764,538,589,1957027,622908067
219352,561,589,1957027,629460491
706718,531,589,1957027,602691619
768292,522,589,1957027,522052015
1152026,589,589,1957027,546660666
1170173,581,589,1957027,586696750
1469783,522,589,1957027,520772496
1546492,522,589,1957027,510465552
1565994,526,589,1957027,520958931
1761348,522,589,1957027,517398167
1939828,526,589,1957027,458882536
25095,554,590,1957027,544517582
45909,472,590,1957027,653455622
82361,541,590,1957027,611732209
217514,554,590,1957027,615108265
706559,530,590,1957027,606749597
767875,523,590,1957027,524519722
1170539,577,590,1957027,592944538
1183530,582,590,1957027,585184699
1470372,523,590,1957027,517543388
1546575,523,590,1957027,510340968
1572341,527,590,1957027,513963540
1744078,581,590,1957027,551656328
1762842,523,590,1957027,520262693
188699,539,591,1957027,574745271
197921,562,591,1957027,599037392
770589,524,591,1957027,526039830
824411,518,591,1957027,628377480
1176413,583,591,1957027,588199453
1178572,578,591,1957027,592530290
1552806,524,591,1957027,520287692
1581638,528,591,1957027,476827045
1616998,535,591,1957027,561259744
1764923,524,591,1957027,528699378
50790,557,592,1957027,616026545
82444,548,592,1957027,618381734
195976,551,592,1957027,605351185
223868,555,592,1957027,611514456
229835,540,592,1957027,569160378
232885,563,592,1957027,591716575
233625,557,592,1957027,583078956
770042,525,592,1957027,528752522
819830,528,592,1957027,619837298
1171706,584,592,1957027,589790808
1585527,529,592,1957027,478770654
1625557,525,592,1957027,546895910
187891,541,593,1957027,563425404
453621,541,593,1957027,554905518
772431,526,593,1957027,530351549
1179693,580,593,1957027,597549922
1629891,526,593,1957027,560082289
113318,527,594,1957027,508604298
115390,534,594,1957027,516947350
200906,566,594,1957027,629715846
232922,565,594,1957027,595676999
823890,530,594,1957027,611053426
1634605,527,594,1957027,529358938
1744722,585,594,1957027,555489191
1760868,538,594,1957027,519530730
3720,548,595,1957027,529145553
6490,528,595,1957027,521556514
114920,528,595,1957027,518814958
225416,556,595,1957027,601238532
229324,567,595,1957027,606579608
826048,531,595,1957027,604367655
1642245,528,595,1957027,538266037
1786403,539,595,1957027,522246704
9807,529,596,1957027,522326294
19186,540,596,1957027,532104048
89312,547,596,1957027,619922702
220358,568,596,1957027,638497555
446258,544,596,1957027,534731318
824101,532,596,1957027,629769995
1188611,596,596,1957027,552102138
14501,530,597,1957027,524402968
115328,535,597,1957027,520320295
140688,597,597,1957027,579077593
174273,544,597,1957027,638244452
174465,530,597,1957027,637738229
181309,584,597,1957027,606870708
450886,545,597,1957027,537724876
723483,538,597,1957027,521185815
869577,544,597,1957027,525894647
1163039,590,597,1957027,583625981
1755971,530,597,1957027,530291618
1778121,541,597,1957027,522652627
1946477,591,597,1957027,541247079
17543,531,598,1957027,522406430
224097,560,598,1957027,617112989
229008,570,598,1957027,610566330
451934,546,598,1957027,554364334
1150613,598,598,1957027,555724049
1171164,591,598,1957027,588012327
1763988,531,598,1957027,539483092
18694,532,599,1957027,523576064
90094,525,599,1957027,665578504
215720,564,599,1957027,641953024
220422,571,599,1957027,640850691
448095,547,599,1957027,526426301
1608684,562,599,1957027,564985369
1761654,532,599,1957027,534196541
15104,533,600,1957027,529979425
187679,548,600,1957027,577575628
237281,572,600,1957027,607063486
444564,548,600,1957027,523133748
822010,520,600,1957027,674036927
1020004,587,600,1957027,607374565
1188303,587,600,1957027,609345348
1761734,533,600,1957027,536517790
8647,547,601,1957027,532554620
10779,534,601,1957027,530820881
45627,487,601,1957027,667053554
165786,586,601,1957027,616149605
198412,552,601,1957027,592560526
875002,547,601,1957027,532129637
1742794,579,601,1957027,559408826
1747175,595,601,1957027,567931924
1762116,534,601,1957027,528789098
1917021,538,601,1957027,458060217
8871,553,602,1957027,542037720
9704,535,602,1957027,533881837
44598,503,602,1957027,672561416
200392,538,602,1957027,613074010
658686,539,602,1957027,457899353
761658,535,602,1957027,541923805
870648,548,602,1957027,533502190
873474,553,602,1957027,538287586
1569042,539,602,1957027,528133624
1762099,535,602,1957027,527128574
1774454,544,602,1957027,529241048
1859139,570,602,1957027,583344704
8169,536,603,1957027,530183134
55184,565,603,1957027,636166772
164052,529,603,1957027,657576169
225533,573,603,1957027,627951663
757860,536,603,1957027,544324548
1150782,603,603,1957027,565582542
1162685,597,603,1957027,590173853
1611020,536,603,1957027,570168636
1748267,589,603,1957027,561111806
1763081,536,603,1957027,533870508
1783536,547,603,1957027,532587143
1940209,540,603,1957027,469653494
1947972,597,603,1957027,558999842
1951095,592,603,1957027,558533082
4949,537,604,1957027,529020186
194203,545,604,1957027,535507786
196314,547,604,1957027,619339444
232175,576,604,1957027,611102327
235157,575,604,1957027,603471426
404637,552,604,1957027,512372413
758127,537,604,1957027,545593743
1560616,541,604,1957027,477954956
1764343,537,604,1957027,537390059
171187,550,605,1957027,652414558
224908,577,605,1957027,637354754
445005,553,605,1957027,534363426
450879,562,605,1957027,584106670
870070,551,605,1957027,540673837
1154466,605,605,1957027,574266000
1178243,592,605,1957027,619701260
1608561,556,605,1957027,564837839
1638194,541,605,1957027,549383781
1906685,542,605,1957027,478897989
1953329,593,605,1957027,558035841
165408,591,606,1957027,624976374
200839,542,606,1957027,588045633
226689,578,606,1957027,633962540
451528,554,606,1957027,569408346
451938,555,606,1957027,563179132
870613,552,606,1957027,538388641
1162031,600,606,1957027,593808716
1186327,593,606,1957027,621102007
1915561,543,606,1957027,471435766
1947901,600,606,1957027,563967387
172814,585,607,1957027,636150754
456219,557,607,1957027,548391420
764485,540,607,1957027,552571602
1497339,544,607,1957027,534818593
1764739,540,607,1957027,546725351
1943332,544,607,1957027,478900861
50747,575,608,1957027,645741704
223420,580,608,1957027,637781229
454478,556,608,1957027,553109561
1153399,608,608,1957027,574831921
1557138,545,608,1957027,521248052
1964037,602,608,1957027,558896754
8457,542,609,1957027,539091558
8666,546,609,1957027,540381164
822054,529,609,1957027,660043058
1563882,546,609,1957027,526183120
1643639,550,609,1957027,565205231
1779993,545,609,1957027,536831624
445745,558,610,1957027,525291843
764768,543,610,1957027,555934870
1563988,547,610,1957027,518878878
1609038,564,610,1957027,577643732
1613333,543,610,1957027,582457604
1762213,543,610,1957027,545145031
1811933,604,610,1957027,561716296
179109,598,611,1957027,627322423
226700,583,611,1957027,637120811
407347,559,611,1957027,520017108
1519192,548,611,1957027,512783228
1628058,544,611,1957027,569045860
1752644,599,611,1957027,578091343
1876923,596,611,1957027,603818185
1944638,548,611,1957027,485260744
55135,567,612,1957027,650034864
106672,606,612,1957027,569045213
171163,549,612,1957027,659270540
173359,574,612,1957027,649089020
452539,564,612,1957027,588051338
869514,570,612,1957027,552534275
875249,564,612,1957027,548310180
1005695,604,612,1957027,619711499
1509803,549,612,1957027,536508107
1866753,572,612,1957027,570140122
326389,549,613,1957027,610433620
1169005,602,613,1957027,634847863
1184872,613,613,1957027,580913254
1516936,550,613,1957027,543001110
1783197,546,613,1957027,549935268
165149,599,614,1957027,635828295
175402,531,614,1957027,696788900
179914,601,614,1957027,635220795
326526,550,614,1957027,612330297
874639,572,614,1957027,555991060
1012477,606,614,1957027,624791921
1014641,601,614,1957027,629031324
1167455,607,614,1957027,620185801
1558863,551,614,1957027,522229352
334022,551,615,1957027,579106093
1564101,552,615,1957027,524494508
1780596,548,615,1957027,557443034
1854971,551,615,1957027,576576053
1876752,593,615,1957027,601540041
105367,610,616,1957027,567999587
212525,553,616,1957027,587476650
453390,578,616,1957027,580455264
1006480,610,616,1957027,575042879
1780769,549,616,1957027,561703264
1812297,610,616,1957027,573988755
1852061,601,616,1957027,587643691
1870922,552,616,1957027,584253100
1910411,553,616,1957027,495323369
1782440,550,617,1957027,561965309
1851207,578,617,1957027,559909164
1876187,602,617,1957027,609589292
1914959,554,617,1957027,488015667
1953660,611,617,1957027,583167093
159903,605,618,1957027,640371567
416737,566,618,1957027,512318209
1777251,562,618,1957027,547117400
1851793,584,618,1957027,567819167
1930619,555,618,1957027,498047153
1945373,612,618,1957027,577931591
1013842,609,619,1957027,637188629
1941950,556,619,1957027,488956406
170126,569,620,1957027,663855772
174769,532,620,1957027,703173189
181947,604,620,1957027,649710401
448637,568,620,1957027,542258123
826988,549,620,1957027,643315921
1160078,617,620,1957027,616463882
1168841,612,620,1957027,649596179
1609909,557,620,1957027,585914919
1862541,591,620,1957027,606409252
1872221,592,620,1957027,609609767
1942879,557,620,1957027,486714638
1963396,614,620,1957027,580492741
183097,608,621,1957027,645683454
997991,541,621,1957027,703893739
1760724,554,621,1957027,542281449
1779262,564,621,1957027,549244815
1933570,558,621,1957027,503644064
105322,616,622,1957027,580744940
1168645,614,622,1957027,650840987
1766017,555,622,1957027,570323648
1772881,566,622,1957027,561887398
1932131,559,622,1957027,506246467
418008,571,623,1957027,519185130
1168588,615,623,1957027,651992856
1556038,560,623,1957027,518353906
1768585,556,623,1957027,561771698
1770613,557,623,1957027,557082517
1882128,595,623,1957027,617844044
1919696,560,623,1957027,488176438
104963,618,624,1957027,589035122
329582,560,624,1957027,619058769
470303,595,624,1957027,580264920
537363,561,624,1957027,479225265
826892,550,624,1957027,650944483
1018041,618,624,1957027,590436675
1160251,621,624,1957027,616923843
1168718,616,624,1957027,653683463
1881971,582,624,1957027,596476286
1912893,561,624,1957027,493224460
439244,573,625,1957027,530670811
997979,545,625,1957027,711027863
1006573,619,625,1957027,590081731
1766088,558,625,1957027,565978885
661288,563,626,1957027,484066809
772964,559,626,1957027,581839477
997797,546,626,1957027,712736227
1159975,626,626,1957027,618616566
1556691,563,626,1957027,521683722
1754959,559,626,1957027,577112853
1914210,563,626,1957027,494245149
156302,602,627,1957027,662750138
333463,563,627,1957027,598936488
747853,560,627,1957027,579744997
1021633,622,627,1957027,595899278
1852701,590,627,1957027,575226614
1860711,583,627,1957027,625245343
1941053,564,627,1957027,503386338
284323,561,628,1957027,580784105
442917,593,628,1957027,574237594
631510,565,628,1957027,486602929
998464,554,628,1957027,702110672
1182000,620,628,1957027,651375956
1509619,565,628,1957027,553084725
1871983,600,628,1957027,627395556
1913961,565,628,1957027,494297133
105878,623,629,1957027,586341501
260904,562,629,1957027,585739376
330004,565,629,1957027,626770621
421053,577,629,1957027,521695372
1759198,573,629,1957027,563299484
1935024,566,629,1957027,501437142
1963046,623,629,1957027,595776780
545058,567,630,1957027,485472689
1001945,599,630,1957027,668096146
1017718,623,630,1957027,629839080
1809431,624,630,1957027,592500412
1883959,588,630,1957027,596308050
1913683,567,630,1957027,501699900
272691,564,631,1957027,587952498
1006587,625,631,1957027,600349205
1873629,605,631,1957027,635518953
1880475,607,631,1957027,601056830
102405,614,632,1957027,598471669
104387,611,632,1957027,596686981
169652,581,632,1957027,683486126
240226,569,632,1957027,623955992
471857,580,632,1957027,571756635
659031,569,632,1957027,494648438
1166256,629,632,1957027,636345160
1856013,575,632,1957027,602569192
1921164,569,632,1957027,505952921
107208,627,633,1957027,603198754
267534,566,633,1957027,590373443
334778,569,633,1957027,631167454
536052,570,633,1957027,496011805
775926,566,633,1957027,590285843
1000537,620,633,1957027,661045547
1010930,624,633,1957027,662607232
1017961,627,633,1957027,604218648
1808259,627,633,1957027,601408410
1881529,604,633,1957027,606423135
178660,592,634,1957027,681839030
312294,570,634,1957027,644215565
405805,616,634,1957027,603610792
410366,582,634,1957027,541296153
1009103,631,634,1957027,621908206
1019707,633,634,1957027,615508150
1166191,634,634,1957027,626280895
1883852,587,634,1957027,630398593
1934396,571,634,1957027,501442364
162200,572,635,1957027,691961772
272704,568,635,1957027,595213509
415822,579,635,1957027,529454379
548135,572,635,1957027,490529402
773236,568,635,1957027,570777626
1005698,628,635,1957027,644534971
1009236,632,635,1957027,629430898
1769266,576,635,1957027,581575398
1784422,568,635,1957027,575279786
103165,630,636,1957027,610433647
330740,572,636,1957027,612251125
405819,626,636,1957027,605685285
1022196,630,636,1957027,611754350
1862976,598,636,1957027,620198030
1878374,618,636,1957027,625202363
1881881,594,636,1957027,605681022
1936040,573,636,1957027,514029404
157148,579,637,1957027,696120184
360065,628,637,1957027,601746059
406007,622,637,1957027,603360121
426859,585,637,1957027,515160018
575792,574,637,1957027,493427986
1807384,631,637,1957027,609136749
1851874,609,637,1957027,636789578
1869397,608,637,1957027,596922024
1907590,574,637,1957027,495972190
156983,587,638,1957027,687613712
270115,571,638,1957027,601831704
325920,567,638,1957027,657142905
334907,574,638,1957027,652593386
423615,586,638,1957027,521509954
469297,596,638,1957027,591631149
545232,575,638,1957027,501399021
748581,571,638,1957027,594975500
994553,558,638,1957027,729857483
1005031,637,638,1957027,629210250
1759328,571,638,1957027,568141519
1807900,632,638,1957027,612006883
1857383,580,638,1957027,597875235
1864235,603,638,1957027,626683338
326896,575,639,1957027,652999515
423649,587,639,1957027,517527850
1814185,633,639,1957027,613167612
1869889,597,639,1957027,584519426
1943294,576,639,1957027,507991225
156175,590,640,1957027,685247539
275233,573,640,1957027,603357682
360304,631,640,1957027,608719372
419876,581,640,1957027,530128307
471188,617,640,1957027,611233531
665662,577,640,1957027,508742394
759004,573,640,1957027,601938369
1002905,579,640,1957027,697169428
1934462,577,640,1957027,510863935
1961461,634,640,1957027,615323943
260568,574,641,1957027,605175370
468121,618,641,1957027,614723114
894633,634,641,1957027,651563181
550525,579,642,1957027,493285833
771793,575,642,1957027,587936993
1918522,579,642,1957027,499511194
1962777,636,642,1957027,619948994
285614,576,643,1957027,606712729
408904,609,643,1957027,592713661
464097,615,643,1957027,612257687
465614,576,643,1957027,585763429
468178,616,643,1957027,614674785
469219,589,643,1957027,590379350
759412,576,643,1957027,606195741
1814311,637,643,1957027,618779800
277257,577,644,1957027,609322782
645315,581,644,1957027,499414968
1926921,581,644,1957027,513171417
286639,578,645,1957027,615473026
548347,582,645,1957027,509827597
759608,578,645,1957027,603434874
102662,640,646,1957027,622788704
260574,579,646,1957027,614777019
539673,583,646,1957027,518915669
1962613,640,646,1957027,626805261
286373,580,647,1957027,613349724
464154,602,647,1957027,601607242
766125,580,647,1957027,616941095
1938549,584,647,1957027,512408272
270594,581,648,1957027,616590940
645858,585,648,1957027,504587378
1883008,599,648,1957027,597616528
1925707,585,648,1957027,513880173
255430,582,649,1957027,618095389
632882,586,649,1957027,506656623
1525489,586,649,1957027,520940462
1923801,586,649,1957027,509870521
286192,583,650,1957027,622277635
425459,598,650,1957027,530094509
575162,587,650,1957027,519428668
766561,583,650,1957027,611725397
995437,611,650,1957027,697109757
105797,645,651,1957027,624659276
276346,584,651,1957027,621382766
418634,599,651,1957027,551148274
433450,588,651,1957027,507597033
465372,584,651,1957027,592814629
575566,588,651,1957027,520435263
748679,584,651,1957027,616292307
1525528,588,651,1957027,529437715
1813756,645,651,1957027,633284654
271045,585,652,1957027,626925877
360114,642,652,1957027,593344101
412882,605,652,1957027,572521097
425013,592,652,1957027,533158002
465721,605,652,1957027,609104812
645745,589,652,1957027,511724939
1000988,644,652,1957027,694908796
1001315,642,652,1957027,694032105
1923711,589,652,1957027,519208505
269615,586,653,1957027,629750093
391298,636,653,1957027,588091694
391501,647,653,1957027,599262138
398551,611,653,1957027,603998050
427475,601,653,1957027,515735135
515823,590,653,1957027,503682524
662255,590,653,1957027,518846495
886735,647,653,1957027,635555955
1808913,647,653,1957027,633960727
1929813,590,653,1957027,506063442
264303,587,654,1957027,624354721
464519,609,654,1957027,615068838
549092,591,654,1957027,524474144
877764,574,654,1957027,750971653
993226,595,654,1957027,715887801
77595,649,655,1957027,637602731
150569,588,655,1957027,627675493
265146,588,655,1957027,625875089
330643,591,655,1957027,647699466
412720,617,655,1957027,581582447
435747,603,655,1957027,536293070
568045,592,655,1957027,526076718
939224,592,655,1957027,503039306
993302,594,655,1957027,715818483
150568,589,656,1957027,629377652
269925,589,656,1957027,633894858
401533,614,656,1957027,610837990
443244,606,656,1957027,548552117
572881,593,656,1957027,512233185
881873,582,656,1957027,731049379
961906,593,656,1957027,505145220
1958762,650,656,1957027,641033719
280760,590,657,1957027,630734306
342959,648,657,1957027,600511242
574539,594,657,1957027,534566991
880279,606,657,1957027,718395475
892840,654,657,1957027,665426660
352858,658,658,1957027,569224714
466069,594,658,1957027,604158348
631379,595,658,1957027,515622089
992674,616,658,1957027,710805722
574648,596,659,1957027,526490006
946334,596,659,1957027,506482716
77632,654,660,1957027,645236738
257873,593,660,1957027,632547140
401592,618,660,1957027,617723501
427708,608,660,1957027,540022996
432985,597,660,1957027,513563123
567661,597,660,1957027,535893826
876817,645,660,1957027,708243607
265264,594,661,1957027,635722278
542589,598,661,1957027,541215193
666530,598,661,1957027,522197428
1937682,598,661,1957027,526298293
149422,595,662,1957027,642271731
280971,595,662,1957027,637502759
387081,649,662,1957027,611681954
436425,620,662,1957027,571678279
510070,599,662,1957027,521826345
647750,599,662,1957027,523308433
879980,640,662,1957027,719254264
1958557,656,662,1957027,651828816
149781,596,663,1957027,643494023
277903,596,663,1957027,638588869
345179,634,663,1957027,595332093
373200,619,663,1957027,609383019
388847,623,663,1957027,575015046
430002,604,663,1957027,530877366
463206,610,663,1957027,623129063
571111,600,663,1957027,525232493
902171,600,663,1957027,508754783
1962005,657,663,1957027,651334494
252755,652,664,1957027,648077662
258111,597,664,1957027,635968130
443352,612,664,1957027,554058678
529376,601,664,1957027,517980369
665080,601,664,1957027,527725017
883132,649,664,1957027,713951749
1921780,601,664,1957027,528446147
76399,659,665,1957027,647460101
100545,647,665,1957027,652256931
576043,602,665,1957027,549837779
877175,591,665,1957027,754207336
881052,597,665,1957027,736114433
945446,602,665,1957027,520886385
322317,602,666,1957027,615153277
348438,657,666,1957027,603073954
381721,624,666,1957027,621769288
388062,627,666,1957027,581645286
399774,660,666,1957027,583901062
432262,607,666,1957027,514076807
437236,625,666,1957027,579389609
471556,608,666,1957027,626338831
563454,603,666,1957027,547295756
890113,659,666,1957027,694211149
897118,603,666,1957027,516982584
1938323,603,666,1957027,517731743
152520,600,667,1957027,649854795
252326,655,667,1957027,653932810
281184,600,667,1957027,645895277
343201,656,667,1957027,617146720
461821,600,667,1957027,618257508
511416,604,667,1957027,530703056
662944,604,667,1957027,529526695
435004,628,668,1957027,588009577
629920,605,668,1957027,517144588
943126,605,668,1957027,528821992
77129,663,669,1957027,659020699
352774,667,669,1957027,595022471
459626,613,669,1957027,630707033
555054,606,669,1957027,548836568
1697839,594,669,1957027,766180866
1941422,606,669,1957027,515309280
1958407,663,669,1957027,660906377
277725,603,670,1957027,651288828
335240,606,670,1957027,624668360
385889,641,670,1957027,614353910
460567,614,670,1957027,634470459
508962,607,670,1957027,535349615
648832,607,670,1957027,535028790
958484,607,670,1957027,525201517
346190,646,671,1957027,573705691
629387,608,671,1957027,528993977
940297,608,671,1957027,530822829
74157,666,672,1957027,664275524
383331,630,672,1957027,607197765
392080,654,672,1957027,611544468
394661,612,672,1957027,513116300
568536,609,672,1957027,555170857
909754,609,672,1957027,524075912
1959179,666,672,1957027,664787887
349516,653,673,1957027,567026355
403820,610,673,1957027,530357889
564884,610,673,1957027,562046451
887201,667,673,1957027,668883981
898689,610,673,1957027,529841442
1837380,606,673,1957027,648737495
250153,662,674,1957027,664957914
279543,607,674,1957027,656956798
397174,673,674,1957027,599000315
401487,613,674,1957027,526398829
401570,632,674,1957027,617761187
554772,611,674,1957027,560163292
878264,664,674,1957027,729925631
879545,643,674,1957027,738747621
889576,674,674,1957027,683855678
250698,669,675,1957027,671147892
358769,675,675,1957027,584860177
398764,633,675,1957027,618145600
541498,612,675,1957027,563018066
960195,612,675,1957027,534130060
153744,609,676,1957027,669024622
248101,670,676,1957027,660357233
390721,629,676,1957027,571303111
392821,663,676,1957027,611518493
402892,661,676,1957027,621693841
403186,615,676,1957027,524135372
459107,634,676,1957027,649132197
555786,613,676,1957027,557970248
897951,613,676,1957027,534253265
962121,613,676,1957027,537830057
247718,671,677,1957027,662015378
373957,635,677,1957027,623004124
392205,643,677,1957027,588586772
558271,614,677,1957027,559062881
897041,614,677,1957027,536650495
958289,614,677,1957027,542326801
252215,665,678,1957027,673721288
347859,677,678,1957027,604327010
403028,672,678,1957027,609592464
426162,621,678,1957027,558377234
459747,611,678,1957027,633220087
567050,615,678,1957027,566490697
877024,611,678,1957027,750988493
879726,636,678,1957027,744149711
898167,615,678,1957027,538849582
958538,615,678,1957027,536804384
634171,616,679,1957027,523580593
756624,612,679,1957027,643188561
904242,616,679,1957027,537416029
1697420,619,679,1957027,751141527
75732,674,680,1957027,676886418
350763,680,680,1957027,597658788
390185,640,680,1957027,582228080
634794,617,680,1957027,535438734
894126,673,680,1957027,717952786
902131,617,680,1957027,541697621
960291,617,680,1957027,539505488
73014,675,681,1957027,677633357
372877,625,681,1957027,626946071
574221,618,681,1957027,565284686
896981,618,681,1957027,545575599
951104,618,681,1957027,545441664
319027,626,682,1957027,622786555
336371,638,682,1957027,542366534
353247,676,682,1957027,604441641
458872,624,682,1957027,645843786
553825,619,682,1957027,573066070
689054,619,682,1957027,528433046
886089,675,682,1957027,715879018
931708,619,682,1957027,538164555
1965111,675,682,1957027,711829857
249289,661,683,1957027,673926283
390099,645,683,1957027,589807101
523099,620,683,1957027,536210470
664355,620,683,1957027,555974156
918281,620,683,1957027,542523811
152069,617,684,1957027,678893085
250774,678,684,1957027,675337598
312998,620,684,1957027,632901931
521109,621,684,1957027,543910795
650726,621,684,1957027,557060729
913944,621,684,1957027,540528752
960520,621,684,1957027,551144348
76028,679,685,1957027,684589331
351968,683,685,1957027,600027205
396593,639,685,1957027,543187130
514082,622,685,1957027,545585221
649486,622,685,1957027,548018628
911242,622,685,1957027,545941981
954172,622,685,1957027,550654311
1960409,679,685,1957027,684625891
354688,644,686,1957027,554482689
375024,637,686,1957027,635532302
457798,619,686,1957027,647508232
505085,623,686,1957027,558472052
637771,623,686,1957027,534524723
901787,623,686,1957027,548424876
950675,623,686,1957027,554217013
1696441,611,686,1957027,793269086
1832320,680,686,1957027,674432198
243464,681,687,1957027,680293667
364260,679,687,1957027,614898068
633946,624,687,1957027,527585742
885114,682,687,1957027,691385676
896569,624,687,1957027,551686311
941536,624,687,1957027,556691326
69689,682,688,1957027,683271535
280125,621,688,1957027,676826996
337614,650,688,1957027,559106102
554504,625,688,1957027,574182335
691697,625,688,1957027,536365463
931115,625,688,1957027,551521833
1421740,625,688,1957027,541031759
1960088,682,688,1957027,692218397
263289,622,689,1957027,677802350
523789,626,689,1957027,545723647
667134,626,689,1957027,546811322
918270,626,689,1957027,553171052
962703,626,689,1957027,555925964
351307,664,690,1957027,579364753
504354,627,690,1957027,570236898
637278,627,690,1957027,549965536
901134,627,690,1957027,555453273
942703,627,690,1957027,562553653
80795,685,691,1957027,694517943
554553,628,691,1957027,576124239
688278,628,691,1957027,540421650
696857,631,691,1957027,527244714
888099,690,691,1957027,707611853
926371,628,691,1957027,557007237
1422170,628,691,1957027,548694406
58182,686,692,1957027,692476506
522686,629,692,1957027,550604027
663546,629,692,1957027,546746541
915376,629,692,1957027,551189255
954863,629,692,1957027,560883003
504560,630,693,1957027,572243210
640335,630,693,1957027,541746766
687868,632,693,1957027,538250874
902397,630,693,1957027,553345460
937865,630,693,1957027,563616751
67694,688,694,1957027,695352927
246479,672,694,1957027,690642422
338724,684,694,1957027,597423674
401314,690,694,1957027,620460435
458557,631,694,1957027,657894510
559376,631,694,1957027,576321586
693547,641,694,1957027,542116095
926740,631,694,1957027,562826043
81581,689,695,1957027,700757328
244205,673,695,1957027,692892401
538186,632,695,1957027,579175210
924606,632,695,1957027,566252881
1695760,635,695,1957027,774362229
62502,690,696,1957027,695225747
69021,696,696,1957027,715242524
279352,629,696,1957027,690040791
322769,632,696,1957027,654320931
338561,687,696,1957027,598426140
341345,695,696,1957027,582014392
538229,633,696,1957027,586483978
691576,633,696,1957027,537269092
925010,633,696,1957027,558987426
1831806,690,696,1957027,701607337
1965013,696,696,1957027,718196078
81002,691,697,1957027,698830319
318453,633,697,1957027,633882742
562174,634,697,1957027,575092073
694301,651,697,1957027,548769739
938660,634,697,1957027,570690134
1836457,630,697,1957027,684572826
56439,692,698,1957027,692340897
365505,692,698,1957027,620813116
504503,635,698,1957027,581849585
655344,635,698,1957027,566846076
914275,635,698,1957027,561736355
974667,635,698,1957027,559454422
1832686,692,698,1957027,691846027
248850,643,699,1957027,668871246
556288,636,699,1957027,583638815
674327,665,699,1957027,563227020
937632,636,699,1957027,571155433
1354347,636,699,1957027,563391648
1815061,693,699,1957027,695688393
66932,694,700,1957027,703001884
359346,700,700,1957027,589455874
374676,651,700,1957027,648687376
516278,637,700,1957027,558064884
672691,637,700,1957027,551282408
919001,637,700,1957027,573648484
1831673,688,700,1957027,706955480
377101,659,701,1957027,655120539
641134,638,701,1957027,554472370
904627,638,701,1957027,573188225
962829,638,701,1957027,575914026
339572,668,702,1957027,580829674
561520,639,702,1957027,586205998
900120,639,702,1957027,567655710
954725,639,702,1957027,580116634
1032714,694,702,1957027,752630339
1432107,639,702,1957027,569373929
1964577,697,702,1957027,715342412
1964768,702,702,1957027,725378712
268707,636,703,1957027,703039144
363721,674,703,1957027,630669359
552161,640,703,1957027,580702115
948507,640,703,1957027,578103382
1424919,640,703,1957027,565504239
246426,660,704,1957027,685553110
522828,641,704,1957027,572189490
934814,641,704,1957027,579093364
1359393,641,704,1957027,570587008
64522,699,705,1957027,710826404
68231,705,705,1957027,719588165
395360,666,705,1957027,578339885
502815,642,705,1957027,577229296
655146,642,705,1957027,567227814
693894,657,705,1957027,561806605
911964,642,705,1957027,572591867
1300177,693,705,1957027,626593149
1461541,642,705,1957027,574128508
1706920,638,705,1957027,711603358
1825404,699,705,1957027,711294630
285160,639,706,1957027,708909617
551602,643,706,1957027,591125026
947241,643,706,1957027,583736382
1359520,643,706,1957027,574500864
500644,644,707,1957027,587667984
652144,644,707,1957027,560748279
911898,644,707,1957027,583764267
1306827,658,707,1957027,652679007
1435485,644,707,1957027,579052024
528640,645,708,1957027,577820339
694319,676,708,1957027,572933196
947452,645,708,1957027,588604568
1299104,666,708,1957027,632604014
1359308,645,708,1957027,578609868
1838989,641,708,1957027,712735594
502951,646,709,1957027,578575479
655082,646,709,1957027,565006746
694981,686,709,1957027,572968170
699761,688,709,1957027,580689684
909175,646,709,1957027,568264492
991861,646,709,1957027,567077629
1432230,646,709,1957027,583200278
1825896,703,709,1957027,710113364
363160,686,710,1957027,637224294
552019,647,710,1957027,594251071
959845,647,710,1957027,585822286
1378563,647,710,1957027,581598630
1838788,643,710,1957027,697874384
363758,682,711,1957027,640235630
503706,648,711,1957027,578437572
656251,648,711,1957027,570418557
918646,648,711,1957027,562600727
1427317,648,711,1957027,580089612
1822222,695,711,1957027,716756245
58621,706,712,1957027,720320485
64352,710,712,1957027,740681769
368648,704,712,1957027,640973718
478963,638,712,1957027,829891662
531541,649,712,1957027,576447573
678778,687,712,1957027,578656556
958776,649,712,1957027,587453027
1027476,684,712,1957027,791096887
1359001,649,712,1957027,586572040
56614,707,713,1957027,717273828
499521,650,713,1957027,590990673
651439,650,713,1957027,562661758
911670,650,713,1957027,585317372
983759,650,713,1957027,575268761
1307422,651,713,1957027,643830754
1425353,650,713,1957027,583825291
59290,708,714,1957027,726042980
520318,651,714,1957027,578261714
679339,668,714,1957027,564915349
679793,693,714,1957027,590419720
687797,653,714,1957027,550353299
697246,658,714,1957027,561378003
947614,651,714,1957027,596867295
1454878,651,714,1957027,590792365
60021,709,715,1957027,722512367
495435,652,715,1957027,554201359
643640,652,715,1957027,560413659
682291,656,715,1957027,541008951
685091,695,715,1957027,582209623
911784,652,715,1957027,586644780
983699,652,715,1957027,578584079
1027408,680,715,1957027,793148727
1028457,676,715,1957027,791311986
1038376,715,715,1957027,743724510
1039425,673,715,1957027,794875671
1404606,652,715,1957027,592144399
1831326,667,715,1957027,699618300
64498,716,716,1957027,736601260
378765,701,716,1957027,600185222
517807,653,716,1957027,572394582
937109,653,716,1957027,592627122
1433913,653,716,1957027,594684180
1706984,649,716,1957027,729348734
367239,711,717,1957027,650778712
557038,654,717,1957027,602371404
679252,677,717,1957027,566392434
976094,654,717,1957027,578038746
1249502,653,717,1957027,647254257
1359737,654,717,1957027,595830865
1460618,654,717,1957027,588651327
371854,718,718,1957027,625967523
495481,655,718,1957027,557206762
657446,655,718,1957027,568283463
919045,655,718,1957027,593509065
988581,655,718,1957027,585028139
1309548,718,718,1957027,629983400
1401791,655,718,1957027,595854908
367223,712,719,1957027,654395070
516453,656,719,1957027,566324721
679164,684,719,1957027,577233283
927412,656,719,1957027,585994817
1038036,716,719,1957027,758777170
1125815,656,719,1957027,591216080
1426970,656,719,1957027,601708215
1840094,652,719,1957027,726662141
525549,657,720,1957027,575331169
933779,657,720,1957027,601522691
1132636,657,720,1957027,591563144
1221054,691,720,1957027,644594186
1427741,657,720,1957027,603159831
1824775,684,720,1957027,715715059
80306,715,721,1957027,738237440
367159,713,721,1957027,658193878
528045,658,721,1957027,588454755
946837,658,721,1957027,599294411
1430246,658,721,1957027,605353498
366678,714,722,1957027,658667703
561745,659,722,1957027,601835263
977759,659,722,1957027,597959531
1027254,700,722,1957027,793813683
1029326,648,722,1957027,819593613
1037318,714,722,1957027,787062067
1313049,722,722,1957027,625528283
1356996,659,722,1957027,602296291
1451510,659,722,1957027,605548282
1832460,655,722,1957027,696483601
366329,717,723,1957027,658775166
652280,660,723,1957027,563039971
906712,660,723,1957027,595145679
983833,660,723,1957027,578645406
1025393,713,723,1957027,793670217
1360634,660,723,1957027,603045725
1455055,660,723,1957027,603545410
653635,661,724,1957027,559341004
683134,680,724,1957027,563477610
907963,661,724,1957027,592880955
984724,661,724,1957027,586103651
1034111,687,724,1957027,804776229
1360635,661,724,1957027,604646059
1458920,661,724,1957027,602092862
656589,662,725,1957027,579197051
908372,662,725,1957027,596362517
984574,662,725,1957027,585136348
1356828,662,725,1957027,608119468
1446089,662,725,1957027,603319624
627746,663,726,1957027,566655021
903623,663,726,1957027,593488184
980087,663,726,1957027,590017717
1037956,723,726,1957027,768297542
1139790,663,726,1957027,599950304
1310309,726,726,1957027,638351499
1423767,663,726,1957027,603627851
562340,664,727,1957027,595525531
972456,664,727,1957027,603530537
1025808,720,727,1957027,770759154
1091321,664,727,1957027,593456890
1379696,664,727,1957027,614609922
58820,722,728,1957027,745936846
524470,665,728,1957027,582497918
700249,679,728,1957027,564979135
929351,665,728,1957027,601582697
1038969,706,728,1957027,806178788
1359100,665,728,1957027,617065612
1433410,665,728,1957027,614059690
620865,666,729,1957027,575585319
687153,683,729,1957027,568196087
907850,666,729,1957027,600358532
987229,666,729,1957027,579728089
1346087,729,729,1957027,631869858
1423506,666,729,1957027,609889412
581437,667,730,1957027,594870436
982941,667,730,1957027,601369370
1039212,702,730,1957027,816082865
1139425,667,730,1957027,606685483
1222102,680,730,1957027,664486029
1396512,667,730,1957027,616344991
557296,668,731,1957027,615013026
978302,668,731,1957027,599019554
1102951,668,731,1957027,604930357
1380326,668,731,1957027,620671125
1673671,697,731,1957027,733887103
1723274,664,731,1957027,747528903
1820732,719,731,1957027,751838982
56055,729,732,1957027,751895277
527394,669,732,1957027,591876698
657914,669,732,1957027,607284182
971530,669,732,1957027,613693404
1092339,669,732,1957027,600076308
1302157,723,732,1957027,659414816
1379572,669,732,1957027,623790864
516689,670,733,1957027,585609829
653778,670,733,1957027,576743888
970488,670,733,1957027,585028559
1025121,726,733,1957027,784946307
1026360,665,733,1957027,839545436
1090885,670,733,1957027,601995674
1220442,700,733,1957027,668532209
1313967,733,733,1957027,646530390
1380364,670,733,1957027,624567458
653421,671,734,1957027,577569486
969750,671,734,1957027,608676027
1090851,671,734,1957027,603244874
1380367,671,734,1957027,626517648
1691641,710,734,1957027,750149741
588554,676,735,1957027,574054361
621287,672,735,1957027,584305646
964952,672,735,1957027,605265851
1090266,672,735,1957027,603978155
1380882,672,735,1957027,627891715
1723765,668,735,1957027,749140930
489095,662,736,1957027,860866559
598179,675,736,1957027,566298742
601681,673,736,1957027,576191811
1039340,735,736,1957027,763838823
1220498,694,736,1957027,666567643
1302778,730,736,1957027,655084050
1370110,673,736,1957027,625268866
1672533,716,736,1957027,756714267
1672613,728,736,1957027,761720823
1707336,669,736,1957027,762931734
600109,674,737,1957027,579905026
1034298,689,737,1957027,826931473
1089966,674,737,1957027,608630108
1369931,674,737,1957027,627962307
1719159,670,737,1957027,762773655
1820115,701,737,1957027,743821180
60863,732,738,1957027,759422712
1087873,675,738,1957027,616103455
1315186,727,738,1957027,626865675
1367623,675,738,1957027,631681166
1437604,675,738,1957027,630044477
1708315,671,738,1957027,764332731
588669,680,739,1957027,581739165
668288,699,739,1957027,591721217
694595,703,739,1957027,597174021
1315873,739,739,1957027,636883835
1336640,686,739,1957027,566114437
1363511,676,739,1957027,634077961
1434051,676,739,1957027,631194659
1671630,715,739,1957027,758759532
1708231,672,739,1957027,766651169
579859,677,740,1957027,621490407
985042,677,740,1957027,614814332
1297452,677,740,1957027,586131370
1410010,677,740,1957027,634220382
1705175,673,740,1957027,774849989
527725,678,741,1957027,614033131
624023,678,741,1957027,590618539
965754,678,741,1957027,621820985
1134808,678,741,1957027,626382181
1339089,688,741,1957027,577627667
1391719,678,741,1957027,636447815
1687415,734,741,1957027,770840163
1689745,674,741,1957027,733150691
599740,679,742,1957027,583898119
1094260,679,742,1957027,622184012
1367990,679,742,1957027,638375250
1446682,679,742,1957027,629508916
589027,684,743,1957027,583849799
601554,682,743,1957027,582791465
1346772,690,743,1957027,582532382
1407633,680,743,1957027,636071403
1681059,713,743,1957027,759848285
1850166,676,743,1957027,759600399
528075,681,744,1957027,624764013
603980,690,744,1957027,580578471
621591,681,744,1957027,598015817
627385,691,744,1957027,581762569
963752,681,744,1957027,612494459
1023468,737,744,1957027,807565137
1129772,681,744,1957027,613953675
1382762,681,744,1957027,642291077
1842823,677,744,1957027,761360968
487392,688,745,1957027,861156781
488972,671,745,1957027,876773194
1100494,682,745,1957027,617067520
1351972,745,745,1957027,646520455
1366061,682,745,1957027,637921001
1446776,682,745,1957027,632316582
1719460,678,745,1957027,771912239
1833138,739,745,1957027,768843006
596522,683,746,1957027,594622132
1090104,683,746,1957027,618106208
1296693,683,746,1957027,597320248
1434484,683,746,1957027,627331352
1680972,720,746,1957027,769145390
1144838,684,747,1957027,631818791
1391625,684,747,1957027,647217707
579657,685,748,1957027,615557483
623114,685,748,1957027,621263279
964155,685,748,1957027,599569416
1129325,685,748,1957027,622986040
1343378,695,748,1957027,580969000
1369425,685,748,1957027,644438926
1452427,685,748,1957027,642891565
1705193,681,748,1957027,787256829
601987,686,749,1957027,596202800
605750,688,749,1957027,592882704
1098463,686,749,1957027,634556720
1412113,686,749,1957027,647483380
586367,691,750,1957027,602674907
591220,687,750,1957027,613833722
605723,692,750,1957027,589207196
617751,697,750,1957027,590966275
1145245,687,750,1957027,637452007
1384730,687,750,1957027,656121154
1846614,683,750,1957027,760341987
1104157,688,751,1957027,603353448
1213202,720,751,1957027,686439784
1318277,743,751,1957027,644465286
1322365,751,751,1957027,651565771
1409450,688,751,1957027,658058327
586980,689,752,1957027,613100500
627424,689,752,1957027,620521971
1145234,689,752,1957027,639953956
1327126,699,752,1957027,597149109
1381579,689,752,1957027,659587099
1113807,690,753,1957027,616795406
1411414,690,753,1957027,657234541
1846470,686,753,1957027,764731795
604670,700,754,1957027,599624918
1087615,691,754,1957027,635917969
1207227,714,754,1957027,682631932
1322359,754,754,1957027,651547005
1383030,691,754,1957027,663544497
1670599,706,754,1957027,760416845
1675834,708,754,1957027,761106325
1691895,747,754,1957027,794506683
1724200,687,754,1957027,787317109
968252,692,755,1957027,622420742
1134450,692,755,1957027,644110939
1203342,713,755,1957027,701856380
1214177,726,755,1957027,670506360
1366798,692,755,1957027,653772040
1436564,692,755,1957027,647162491
1680304,717,755,1957027,771147563
1684598,709,755,1957027,764661890
591134,693,756,1957027,617087453
1098725,693,756,1957027,643325566
1252419,727,756,1957027,674622895
1327830,703,756,1957027,599512217
1394666,693,756,1957027,660960411
1661810,749,756,1957027,796915005
1705170,689,756,1957027,789882654
314944,693,757,1957027,723461011
585430,696,757,1957027,615239604
609980,694,757,1957027,620190478
1205396,715,757,1957027,706262519
1331155,736,757,1957027,634117888
1373501,694,757,1957027,660514866
1440638,694,757,1957027,647366841
586248,699,758,1957027,616514625
593514,695,758,1957027,619979444
1107183,695,758,1957027,602352525
1206233,716,758,1957027,699954476
1280347,705,758,1957027,601642659
1320689,756,758,1957027,652376263
1405106,695,758,1957027,670931233
1691896,751,758,1957027,801698182
1705333,691,758,1957027,805156113
623931,696,759,1957027,621110181
1094108,696,759,1957027,626815249
1289105,696,759,1957027,614184011
1392005,696,759,1957027,666512257
1667109,752,759,1957027,800169918
492510,743,760,1957027,858194941
493903,694,760,1957027,878350354
1087586,697,760,1957027,641354581
1285792,697,760,1957027,614704070
1350887,748,760,1957027,657822147
1391089,697,760,1957027,668883112
493017,721,761,1957027,871040193
620299,698,761,1957027,620509386
1095563,698,761,1957027,643129299
1214123,733,761,1957027,679961352
1280165,708,761,1957027,608885257
1290159,698,761,1957027,617562062
1398535,698,761,1957027,664077062
1846516,694,761,1957027,769663334
606931,705,762,1957027,610218026
1107665,699,762,1957027,603446672
1280746,709,762,1957027,608488950
1409096,699,762,1957027,662120169
607031,702,763,1957027,617244827
1288115,710,763,1957027,606944190
1373545,700,763,1957027,672512210
1449641,700,763,1957027,656753896
1662064,739,763,1957027,801044895
1708818,696,763,1957027,813284569
476705,761,764,1957027,824005876
484384,697,764,1957027,886037837
484415,698,764,1957027,883872192
585538,703,764,1957027,627644882
620102,701,764,1957027,623611681
1101922,701,764,1957027,634492758
1213284,735,764,1957027,694162062
1290145,701,764,1957027,622551243
1290456,711,764,1957027,605927994
1320765,755,764,1957027,659449291
1401145,701,764,1957027,670432181
1686097,741,764,1957027,801477569
589466,706,765,1957027,621735862
608778,708,765,1957027,615865046
626947,712,765,1957027,615405648
1259316,702,765,1957027,628649845
1330397,742,765,1957027,652047379
1376699,702,765,1957027,666709432
1679000,742,765,1957027,805284192
1720100,698,765,1957027,798904785
315326,702,766,1957027,725599509
1142092,703,766,1957027,624982146
1261594,707,766,1957027,602070690
1291260,713,766,1957027,606806823
1347632,746,766,1957027,656849807
1439534,703,766,1957027,671351535
476268,764,767,1957027,834693118
616578,704,767,1957027,623346141
1105377,704,767,1957027,610202480
1206474,725,767,1957027,712758128
1289626,704,767,1957027,625889410
1293236,714,767,1957027,608921741
1394289,704,767,1957027,679616329
1676699,731,767,1957027,794531920
1844250,700,767,1957027,791712105
1092625,705,768,1957027,637495179
1291150,715,768,1957027,608223563
1304599,768,768,1957027,687447054
1322451,767,768,1957027,672076606
1376848,705,768,1957027,672361261
1666505,762,768,1957027,809507004
1678179,736,768,1957027,801488610
1211850,724,769,1957027,734524856
1277544,706,769,1957027,631779704
1292716,716,769,1957027,608447192
1326643,719,769,1957027,627799981
1331138,728,769,1957027,632955496
1374860,706,769,1957027,678731563
1661424,702,769,1957027,773295367
589677,707,770,1957027,633189765
1087471,707,770,1957027,655321050
1255795,717,770,1957027,611059080
1296483,717,770,1957027,617445107
1335063,738,770,1957027,639961460
1340383,721,770,1957027,617220604
1374891,707,770,1957027,680906507
1097731,708,771,1957027,653027725
1215278,765,771,1957027,688010857
1261204,718,771,1957027,616378644
1290612,712,771,1957027,610129392
1374982,708,771,1957027,685010394
1666850,765,771,1957027,811720965
1686278,711,771,1957027,778274044
1712906,704,771,1957027,823048250
609313,709,772,1957027,630404060
612636,719,772,1957027,626378398
1101899,709,772,1957027,648699723
1281064,719,772,1957027,624049807
1332079,731,772,1957027,635489520
1351621,732,772,1957027,640302997
1377095,709,772,1957027,684422634
1676997,743,772,1957027,812436415
1681779,705,772,1957027,784004326
475306,768,773,1957027,850267663
614690,710,773,1957027,634021961
1108970,710,773,1957027,627071018
1386543,710,773,1957027,694703742
619885,711,774,1957027,628288006
1130157,711,774,1957027,629946301
1204315,730,774,1957027,744632049
1268548,721,774,1957027,619589943
1386520,711,774,1957027,696882426
1674597,707,774,1957027,792026608
490348,767,775,1957027,875071895
1138263,712,775,1957027,634019279
1377045,712,775,1957027,686191023
1691366,724,775,1957027,791729698
1257189,723,776,1957027,628449547
1377108,713,776,1957027,688148048
1292749,724,777,1957027,625160443
1333798,757,777,1957027,671206746
1337642,766,777,1957027,671221092
1377112,714,777,1957027,689169613
1685184,729,777,1957027,798186842
619344,725,778,1957027,631723650
1206741,737,778,1957027,723857697
1232090,770,778,1957027,708487783
1292045,725,778,1957027,626556374
1350394,778,778,1957027,683516116
1375284,715,778,1957027,696232139
1375121,716,779,1957027,697903226
1682142,712,779,1957027,791752259
1053900,717,780,1957027,662605076
1341437,734,780,1957027,636198371
1378366,717,780,1957027,691612702
1105943,718,781,1957027,629375904
1261958,722,781,1957027,627474446
1263186,728,781,1957027,633300842
1409535,718,781,1957027,701506612
1674656,714,781,1957027,794857266
624998,724,782,1957027,638495683
1116845,719,782,1957027,657930857
1236471,773,782,1957027,667559408
1268843,729,782,1957027,630908492
1443587,719,782,1957027,675390726
1682620,738,782,1957027,809287731
618532,730,783,1957027,640778192
1233371,782,783,1957027,707505054
1294050,720,783,1957027,634384533
1335505,763,783,1957027,674025481
1377947,720,783,1957027,698910613
477982,781,784,1957027,860285820
1118870,721,784,1957027,657290908
1202865,754,784,1957027,731333065
1263148,731,784,1957027,638339579
1323620,780,784,1957027,698702739
1459423,721,784,1957027,687451277
1105849,722,785,1957027,641086476
1231841,779,785,1957027,711260254
1233881,777,785,1957027,726121640
1236411,769,785,1957027,667760822
1324939,785,785,1957027,704024494
1334457,760,785,1957027,675853798
1337634,772,785,1957027,680694143
1442752,722,785,1957027,700932365
1716738,718,785,1957027,840754822
1254625,784,786,1957027,714777627
1411840,723,786,1957027,700748867
1664012,774,786,1957027,847117449
1226337,742,787,1957027,648489059
1228669,758,787,1957027,717183932
1270982,734,787,1957027,638840814
1341984,741,787,1957027,650908799
1404067,724,787,1957027,706743042
481418,744,788,1957027,919869333
1226752,739,788,1957027,644006846
1350352,753,788,1957027,666219413
1411591,725,788,1957027,702718843
477911,786,789,1957027,871300008
1269606,736,789,1957027,645534390
1416410,726,789,1957027,704982331
1727581,722,789,1957027,822189025
1047138,727,790,1957027,674310147
1444322,727,790,1957027,704186039
1709122,723,790,1957027,854789454
1099595,728,791,1957027,674529560
1223958,762,791,1957027,740541138
1237797,791,791,1957027,720311750
1271843,738,791,1957027,639011242
1323351,790,791,1957027,711793646
1117845,729,792,1957027,664123547
1206688,751,792,1957027,746339294
1713176,725,792,1957027,853031846
476001,790,793,1957027,878919227
1251600,747,793,1957027,646213147
1272269,732,793,1957027,647008970
1289836,740,793,1957027,644944841
1342672,747,793,1957027,659392895
1443291,730,793,1957027,715766927
1720960,726,793,1957027,841420720
1088223,731,794,1957027,665790967
1229665,753,794,1957027,657859226
1251635,748,794,1957027,652939598
1271048,741,794,1957027,648731432
1728314,727,794,1957027,831337277
1064468,749,795,1957027,658010080
1122208,732,795,1957027,679566709
1046252,733,796,1957027,677645918
1297882,737,796,1957027,645352925
1458715,733,796,1957027,718160336
479674,773,797,1957027,937883960
481257,753,797,1957027,937029910
1118298,734,797,1957027,670003618
1725391,730,797,1957027,837977948
1219364,781,798,1957027,742531025
1274313,745,798,1957027,654636689
1297916,735,798,1957027,652880231
1416117,735,798,1957027,717614039
1668598,750,798,1957027,834876670
1115460,736,799,1957027,665067287
1205904,757,799,1957027,778959895
1270914,746,799,1957027,648653563
1295004,744,799,1957027,648197021
1700750,787,799,1957027,875870214
1709769,732,799,1957027,871444591
481746,751,800,1957027,940235333
1064316,752,800,1957027,664143801
1236041,775,800,1957027,691871058
1414322,737,800,1957027,713762009
1732902,733,800,1957027,870066433
1116070,738,801,1957027,676223190
1237396,799,801,1957027,709674061
1237896,795,801,1957027,739200610
1250074,783,801,1957027,690163236
1668448,786,801,1957027,874244881
1700740,789,801,1957027,877953245
1047326,739,802,1957027,681059791
1224245,771,802,1957027,754411070
1730029,735,802,1957027,835731109
1053623,742,803,1957027,676497476
1122781,740,803,1957027,674528715
1291980,750,803,1957027,657256671
1414198,740,803,1957027,722874116
1106694,741,804,1957027,663401273
1240098,800,804,1957027,745218300
1721810,737,804,1957027,852932800
814896,775,805,1957027,952887914
1063085,746,805,1957027,674683005
1122965,744,805,1957027,678027903
1224237,774,805,1957027,760281895
1250690,764,805,1957027,678066608
1041976,798,806,1957027,748620988
1142209,743,806,1957027,667500296
1240240,798,806,1957027,754648816
1250742,797,806,1957027,708453026
1278510,752,806,1957027,663511064
1275970,749,807,1957027,659526956
1447380,744,807,1957027,727718749
1717613,740,807,1957027,870975925
805018,807,808,1957027,894204745
1113726,745,808,1957027,682522560
1248106,805,808,1957027,747534638
812809,779,809,1957027,960408184
1044389,801,809,1957027,762631666
1054773,748,809,1957027,689258325
1056885,795,809,1957027,759030026
480100,759,810,1957027,962080457
1052340,810,810,1957027,743204216
1055269,747,810,1957027,699736462
1239207,809,810,1957027,726578748
1056920,782,811,1957027,751154594
1209189,776,811,1957027,776304352
1210461,792,811,1957027,759060574
1733656,744,811,1957027,877413962
1077418,760,812,1957027,691400097
1276907,759,812,1957027,673318207
1718369,745,812,1957027,871920992
287663,750,813,1957027,728885190
1040341,805,813,1957027,783812920
1058060,808,813,1957027,767947285
1065442,772,813,1957027,691604985
1068301,791,813,1957027,704087836
1083045,789,813,1957027,704566049
1121594,750,813,1957027,681108908
1244366,801,813,1957027,771413544
1711265,746,813,1957027,887987114
1051543,792,814,1957027,706416276
1052562,766,814,1957027,696925692
1083093,788,814,1957027,704785198
1243122,811,814,1957027,761536364
1277068,761,814,1957027,678550838
805094,814,815,1957027,916776295
1242659,807,815,1957027,766300129
1725916,748,815,1957027,856816748
1133839,755,816,1957027,698712722
289176,754,817,1957027,737883720
814097,777,817,1957027,977424447
1055375,763,817,1957027,698572649
1248029,817,817,1957027,752965852
1122718,756,819,1957027,689390683
810923,794,820,1957027,985142061
1053476,802,820,1957027,736925744
291792,758,821,1957027,736057813
1418844,758,821,1957027,720892993
1699224,759,821,1957027,863749601
1714017,754,821,1957027,886949102
1252159,816,822,1957027,775524256
1711020,755,822,1957027,902227391
801034,815,823,1957027,984582835
811001,788,823,1957027,984345628
1074128,803,823,1957027,726115011
1714757,756,823,1957027,884186881
811396,789,824,1957027,987148066
1068934,783,824,1957027,710887220
1071731,778,824,1957027,711149671
1074851,806,824,1957027,734133318
1044271,813,825,1957027,738182648
1074824,812,825,1957027,745110002
1246630,824,825,1957027,751325892
1703712,788,825,1957027,909135055
1726348,761,825,1957027,869307631
300559,795,826,1957027,749317160
802597,804,826,1957027,998918823
1041683,826,826,1957027,808309683
1070830,780,826,1957027,713850088
809929,800,827,1957027,995200614
809932,799,827,1957027,994138772
1247932,818,827,1957027,746095534
298796,769,828,1957027,745785657
807988,822,828,1957027,931317694
1075040,790,828,1957027,721776782
1253745,819,828,1957027,747627666
302886,783,829,1957027,741919987
1059427,797,829,1957027,743821630
1071858,784,829,1957027,717884527
1247566,829,829,1957027,763143805
311824,785,830,1957027,756383126
1083097,793,830,1957027,724558989
305298,791,831,1957027,753103258
801225,809,831,1957027,1007711402
1074515,785,831,1957027,725189885
1215951,804,831,1957027,804970496
1702558,815,831,1957027,942938705
1731312,764,831,1957027,908173007
287128,771,832,1957027,740269185
811585,793,832,1957027,1001268195
1076326,786,832,1957027,733582257
1084389,823,832,1957027,792103433
293902,770,833,1957027,759881418
802406,811,833,1957027,1014455048
1081118,787,833,1957027,735403963
1083036,794,834,1957027,729187549
301499,792,836,1957027,752906592
292692,774,837,1957027,773264555
294632,776,837,1957027,767911666
1075587,796,837,1957027,737928181
1413091,776,837,1957027,747106090
1698374,771,838,1957027,896270224
799064,828,839,1957027,1020313596
800009,832,839,1957027,998181384
1042042,839,839,1957027,829256142
294504,780,841,1957027,775392944
294517,778,841,1957027,775948771
803806,787,842,1957027,1035627057
288078,782,843,1957027,771265455
290006,794,843,1957027,781405319
308411,784,843,1957027,775013112
798897,835,843,1957027,1017293400
1701624,802,843,1957027,939748872
1044022,845,849,1957027,832340352
294972,793,851,1957027,787610849
295008,797,851,1957027,793429319
309904,796,855,1957027,798535486
799545,821,856,1957027,1059952828
1082582,857,857,1957027,851632855
