query_id,source,eccentricity,reached,distance_sum,group
0,841907,508,1957027,442612016,low
1,1082582,857,1957027,851632855,high
2,840829,511,1957027,438107592,low
3,799545,856,1957027,1059952828,high
4,1505993,511,1957027,435307928,low
5,309904,855,1957027,798535486,high
6,856299,513,1957027,445673400,low
7,295008,851,1957027,793429319,high
8,1525760,514,1957027,463068977,low
9,294972,851,1957027,787610849,high
10,1527366,515,1957027,455114731,low
11,1044022,849,1957027,832340352,high
12,1527087,516,1957027,455148721,low
13,1701624,843,1957027,939748872,high
14,852424,517,1957027,443071142,low
15,798897,843,1957027,1017293400,high
16,1505935,517,1957027,442846240,low
17,308411,843,1957027,775013112,high
18,777248,519,1957027,565789851,low
19,290006,843,1957027,781405319,high
20,1803122,520,1957027,499142305,low
21,288078,843,1957027,771265455,high
22,1505965,521,1957027,450174273,low
23,803806,842,1957027,1035627057,high
24,1805803,521,1957027,510635709,low
25,294517,841,1957027,775948771,high
26,788410,522,1957027,517046939,low
27,294504,841,1957027,775392944,high
28,854599,522,1957027,460377772,low
29,1042042,839,1957027,829256142,high
30,1659096,523,1957027,452733063,low
31,800009,839,1957027,998181384,high
32,704194,524,1957027,577520300,low
33,799064,839,1957027,1020313596,high
34,855607,524,1957027,458788845,low
35,1698374,838,1957027,896270224,high
36,1484785,524,1957027,499187963,low
37,1413091,837,1957027,747106090,high
38,1506922,524,1957027,452930291,low
39,1075587,837,1957027,737928181,high
40,740087,525,1957027,571017097,low
41,294632,837,1957027,767911666,high
42,1490259,526,1957027,499969646,low
43,292692,837,1957027,773264555,high
44,1531250,526,1957027,447570810,low
45,301499,836,1957027,752906592,high
46,1788709,526,1957027,511892769,low
47,1083036,834,1957027,729187549,high
48,1794431,526,1957027,536549974,low
49,1081118,833,1957027,735403963,high
50,790256,527,1957027,576465318,low
51,802406,833,1957027,1014455048,high
52,1531258,527,1957027,450956988,low
53,293902,833,1957027,759881418,high
54,1791499,527,1957027,517223988,low
55,1084389,832,1957027,792103433,high
56,1893526,527,1957027,581266030,low
57,1076326,832,1957027,733582257,high
58,741710,528,1957027,584889563,low
59,811585,832,1957027,1001268195,high
60,778319,528,1957027,520039995,low
61,287128,832,1957027,740269185,high
62,840055,528,1957027,489023818,low
63,1731312,831,1957027,908173007,high
64,1483994,528,1957027,503103732,low
65,1702558,831,1957027,942938705,high
66,1530522,528,1957027,457083655,low
67,1215951,831,1957027,804970496,high
68,1789117,528,1957027,508749375,low
69,1074515,831,1957027,725189885,high
70,1800917,528,1957027,524617728,low
71,801225,831,1957027,1007711402,high
72,794350,529,1957027,531783681,low
73,305298,831,1957027,753103258,high
74,858744,529,1957027,467290888,low
75,1083097,830,1957027,724558989,high
76,1597203,529,1957027,496980592,low
77,311824,830,1957027,756383126,high
78,1791890,529,1957027,539195947,low
79,1247566,829,1957027,763143805,high
80,714950,530,1957027,560059896,low
81,1071858,829,1957027,717884527,high
82,741694,530,1957027,588910164,low
83,1059427,829,1957027,743821630,high
84,782385,530,1957027,537144728,low
85,302886,829,1957027,741919987,high
86,796679,530,1957027,557313160,low
87,1253745,828,1957027,747627666,high
88,842741,530,1957027,483224784,low
89,1075040,828,1957027,721776782,high
90,1490961,530,1957027,521588479,low
91,807988,828,1957027,931317694,high
92,1647971,530,1957027,463035827,low
93,298796,828,1957027,745785657,high
94,205749,531,1957027,532155976,low
95,1247932,827,1957027,746095534,high
96,714370,531,1957027,553435789,low
97,809932,827,1957027,994138772,high
98,797516,531,1957027,538905033,low
99,809929,827,1957027,995200614,high
100,864718,531,1957027,469823124,low
101,1070830,826,1957027,713850088,high
102,1796693,531,1957027,523952923,low
103,1041683,826,1957027,808309683,high
104,1894494,531,1957027,564038664,low
105,802597,826,1957027,998918823,high
106,745863,532,1957027,590608057,low
107,300559,826,1957027,749317160,high
108,715180,533,1957027,585394785,low
109,1726348,825,1957027,869307631,high
110,715326,533,1957027,583882555,low
111,1703712,825,1957027,909135055,high
112,744193,533,1957027,591555337,low
113,1246630,825,1957027,751325892,high
114,796897,533,1957027,502329159,low
115,1074824,825,1957027,745110002,high
116,855531,533,1957027,480346657,low
117,1044271,825,1957027,738182648,high
118,1649100,533,1957027,470309303,low
119,1074851,824,1957027,734133318,high
120,714206,534,1957027,562081623,low
121,1071731,824,1957027,711149671,high
122,776704,534,1957027,512907024,low
123,1068934,824,1957027,710887220,high
124,779536,534,1957027,526712009,low
125,811396,824,1957027,987148066,high
126,858908,534,1957027,475437385,low
127,1714757,823,1957027,884186881,high
128,1651216,534,1957027,472250969,low
129,1074128,823,1957027,726115011,high
130,1804465,534,1957027,534613278,low
131,811001,823,1957027,984345628,high
132,1804511,534,1957027,538749304,low
133,801034,823,1957027,984582835,high
134,1903785,534,1957027,594975931,low
135,1711020,822,1957027,902227391,high
136,860662,535,1957027,477841691,low
137,1252159,822,1957027,775524256,high
138,1652727,535,1957027,471442219,low
139,1714017,821,1957027,886949102,high
140,1902158,535,1957027,597020936,low
141,1699224,821,1957027,863749601,high
142,201781,536,1957027,551910597,low
143,1418844,821,1957027,720892993,high
144,712958,536,1957027,559336885,low
145,291792,821,1957027,736057813,high
146,736260,536,1957027,600485925,low
147,1053476,820,1957027,736925744,high
148,736377,536,1957027,601203563,low
149,810923,820,1957027,985142061,high
150,745852,536,1957027,599128961,low
151,1122718,819,1957027,689390683,high
152,864151,536,1957027,470546339,low
153,1248029,817,1957027,752965852,high
154,1654298,536,1957027,473136571,low
155,1055375,817,1957027,698572649,high
156,1803760,536,1957027,533815536,low
157,814097,817,1957027,977424447,high
158,1805525,536,1957027,540745237,low
159,289176,817,1957027,737883720,high
160,716275,537,1957027,590083432,low
161,1133839,816,1957027,698712722,high
162,792417,537,1957027,534746286,low
163,1725916,815,1957027,856816748,high
164,864624,537,1957027,470522948,low
165,1242659,815,1957027,766300129,high
166,1515384,537,1957027,444947412,low
167,805094,815,1957027,916776295,high
168,1604999,537,1957027,504568917,low
169,1277068,814,1957027,678550838,high
170,1653602,537,1957027,475115337,low
171,1243122,814,1957027,761536364,high
172,1796819,537,1957027,537196546,low
173,1083093,814,1957027,704785198,high
174,862155,538,1957027,481898357,low
175,1052562,814,1957027,696925692,high
176,1651742,538,1957027,478490512,low
177,1051543,814,1957027,706416276,high
178,1787451,538,1957027,544558018,low
179,1711265,813,1957027,887987114,high
180,1891843,538,1957027,601638753,low
181,1244366,813,1957027,771413544,high
182,713818,539,1957027,580478027,low
183,1121594,813,1957027,681108908,high
184,742966,539,1957027,600909665,low
185,1083045,813,1957027,704566049,high
186,859004,539,1957027,483327714,low
187,1068301,813,1957027,704087836,high
188,1519981,539,1957027,448277170,low
189,1065442,813,1957027,691604985,high
190,1646645,539,1957027,478187189,low
191,1058060,813,1957027,767947285,high
192,204541,540,1957027,553567111,low
193,1040341,813,1957027,783812920,high
194,795870,540,1957027,559837174,low
195,287663,813,1957027,728885190,high
196,842869,540,1957027,499358299,low
197,1718369,812,1957027,871920992,high
198,1484302,540,1957027,517348926,low
199,1276907,812,1957027,673318207,high
200,1490234,540,1957027,529907805,low
201,1077418,812,1957027,691400097,high
202,1540155,540,1957027,466004538,low
203,1733656,811,1957027,877413962,high
204,1798099,540,1957027,541338908,low
205,1210461,811,1957027,759060574,high
206,1903565,540,1957027,581206393,low
207,1209189,811,1957027,776304352,high
208,1120,541,1957027,509849503,low
209,1056920,811,1957027,751154594,high
210,1482525,541,1957027,523819124,low
211,1239207,810,1957027,726578748,high
212,1507663,541,1957027,477465089,low
213,1055269,810,1957027,699736462,high
214,1594801,541,1957027,492148594,low
215,1052340,810,1957027,743204216,high
216,1804577,541,1957027,552436001,low
217,480100,810,1957027,962080457,high
218,1901551,541,1957027,606147635,low
219,1056885,809,1957027,759030026,high
220,739017,542,1957027,609819671,low
221,1054773,809,1957027,689258325,high
222,839738,542,1957027,509730430,low
223,1044389,809,1957027,762631666,high
224,861875,542,1957027,489329962,low
225,812809,809,1957027,960408184,high
226,1483272,542,1957027,520272132,low
227,1248106,808,1957027,747534638,high
228,1495384,542,1957027,530483531,low
229,1113726,808,1957027,682522560,high
230,1647655,542,1957027,483434536,low
231,805018,808,1957027,894204745,high
232,1900586,542,1957027,563189196,low
233,1717613,807,1957027,870975925,high
234,785480,543,1957027,581549428,low
235,1447380,807,1957027,727718749,high
236,831479,543,1957027,484532059,low
237,1275970,807,1957027,659526956,high
238,1198721,543,1957027,493492720,low
239,1278510,806,1957027,663511064,high
240,736113,544,1957027,582723117,low
241,1250742,806,1957027,708453026,high
242,738179,544,1957027,603700267,low
243,1240240,806,1957027,754648816,high
244,787993,544,1957027,599842540,low
245,1142209,806,1957027,667500296,high
246,861501,544,1957027,490848715,low
247,1041976,806,1957027,748620988,high
248,1494391,544,1957027,528367433,low
249,1250690,805,1957027,678066608,high
250,1646966,544,1957027,486649922,low
251,1224237,805,1957027,760281895,high
252,717704,545,1957027,593328960,low
253,1122965,805,1957027,678027903,high
254,1492218,545,1957027,527806672,low
255,1063085,805,1957027,674683005,high
256,737459,546,1957027,585219842,low
257,814896,805,1957027,952887914,high
258,738349,546,1957027,609061855,low
259,1721810,804,1957027,852932800,high
260,816987,546,1957027,596847826,low
261,1240098,804,1957027,745218300,high
262,1477840,546,1957027,520705354,low
263,1106694,804,1957027,663401273,high
264,1480838,546,1957027,535575146,low
265,1414198,803,1957027,722874116,high
266,1482399,546,1957027,533371531,low
267,1291980,803,1957027,657256671,high
268,1494576,546,1957027,523099847,low
269,1122781,803,1957027,674528715,high
270,1538588,546,1957027,465061241,low
271,1053623,803,1957027,676497476,high
272,846826,547,1957027,519263132,low
273,1730029,802,1957027,835731109,high
274,857962,547,1957027,495791736,low
275,1224245,802,1957027,754411070,high
276,1511934,547,1957027,483849958,low
277,1047326,802,1957027,681059791,high
278,1553522,547,1957027,483123844,low
279,1700740,801,1957027,877953245,high
280,1803425,547,1957027,555656647,low
281,1668448,801,1957027,874244881,high
282,712164,548,1957027,599160803,low
283,1250074,801,1957027,690163236,high
284,736206,548,1957027,585870306,low
285,1237896,801,1957027,739200610,high
286,737478,548,1957027,586837267,low
287,1237396,801,1957027,709674061,high
288,861588,548,1957027,494229991,low
289,1116070,801,1957027,676223190,high
290,1488106,548,1957027,515516261,low
291,1732902,800,1957027,870066433,high
292,1589367,548,1957027,482878406,low
293,1414322,800,1957027,713762009,high
294,1605546,548,1957027,492180942,low
295,1236041,800,1957027,691871058,high
296,718944,549,1957027,609315616,low
297,1064316,800,1957027,664143801,high
298,861131,549,1957027,502158547,low
299,481746,800,1957027,940235333,high
300,1193908,549,1957027,513315750,low
301,1709769,799,1957027,871444591,high
302,1484387,549,1957027,527542773,low
303,1700750,799,1957027,875870214,high
304,1493628,549,1957027,536631411,low
305,1295004,799,1957027,648197021,high
306,1513005,549,1957027,480507419,low
307,1270914,799,1957027,648653563,high
308,1554886,549,1957027,487374566,low
309,1205904,799,1957027,778959895,high
310,1800170,549,1957027,559359690,low
311,1115460,799,1957027,665067287,high
312,1887615,549,1957027,591155037,low
313,1668598,798,1957027,834876670,high
314,361,550,1957027,515106116,low
315,1416117,798,1957027,717614039,high
316,108904,550,1957027,515233007,low
317,1297916,798,1957027,652880231,high
318,1486894,550,1957027,541539497,low
319,1274313,798,1957027,654636689,high
320,1537453,550,1957027,470055917,low
321,1219364,798,1957027,742531025,high
322,1803597,550,1957027,571126117,low
323,1725391,797,1957027,837977948,high
324,139380,551,1957027,511478641,low
325,1118298,797,1957027,670003618,high
326,732920,551,1957027,463160140,low
327,481257,797,1957027,937029910,high
328,746989,551,1957027,599328943,low
329,479674,797,1957027,937883960,high
330,831266,551,1957027,496231727,low
331,1458715,796,1957027,718160336,high
332,1492351,551,1957027,536811726,low
333,1297882,796,1957027,645352925,high
334,1496161,551,1957027,508261598,low
335,1046252,796,1957027,677645918,high
336,1658463,551,1957027,498186816,low
337,1122208,795,1957027,679566709,high
338,94288,552,1957027,565435731,low
339,1064468,795,1957027,658010080,high
340,865004,552,1957027,499691909,low
341,1728314,794,1957027,831337277,high
342,1481401,552,1957027,541067560,low
343,1271048,794,1957027,648731432,high
344,1488324,552,1957027,534815998,low
345,1251635,794,1957027,652939598,high
346,1507346,552,1957027,499361140,low
347,1229665,794,1957027,657859226,high
348,1550309,552,1957027,493170830,low
349,1088223,794,1957027,665790967,high
350,1562751,552,1957027,462184162,low
351,1720960,793,1957027,841420720,high
352,832549,553,1957027,500956907,low
353,1443291,793,1957027,715766927,high
354,1488995,553,1957027,536596363,low
355,1342672,793,1957027,659392895,high
356,1495792,553,1957027,527682297,low
357,1289836,793,1957027,644944841,high
358,1514279,553,1957027,490659583,low
359,1272269,793,1957027,647008970,high
360,1567433,553,1957027,460786322,low
361,1251600,793,1957027,646213147,high
362,1648860,553,1957027,499252369,low
363,476001,793,1957027,878919227,high
364,862627,554,1957027,500957951,low
365,1713176,792,1957027,853031846,high
366,1488890,554,1957027,539014089,low
367,1206688,792,1957027,746339294,high
368,1517026,554,1957027,498290794,low
369,1117845,792,1957027,664123547,high
370,1534957,554,1957027,495373946,low
371,1323351,791,1957027,711793646,high
372,1571326,554,1957027,455960366,low
373,1271843,791,1957027,639011242,high
374,1606906,554,1957027,529184519,low
375,1237797,791,1957027,720311750,high
376,94102,555,1957027,565701240,low
377,1223958,791,1957027,740541138,high
378,833974,555,1957027,525642220,low
379,1099595,791,1957027,674529560,high
380,1520370,555,1957027,475449053,low
381,1709122,790,1957027,854789454,high
382,1549597,555,1957027,490625167,low
383,1444322,790,1957027,704186039,high
384,1896052,555,1957027,620830394,low
385,1047138,790,1957027,674310147,high
386,833142,556,1957027,504245201,low
387,1727581,789,1957027,822189025,high
388,1598242,556,1957027,493971614,low
389,1416410,789,1957027,704982331,high
390,108075,557,1957027,492057493,low
391,1269606,789,1957027,645534390,high
392,183672,557,1957027,540995311,low
393,477911,789,1957027,871300008,high
394,1898227,557,1957027,635060149,low
395,1411591,788,1957027,702718843,high
396,1899252,557,1957027,634112090,low
397,1350352,788,1957027,666219413,high
398,32933,558,1957027,523808794,low
399,1226752,788,1957027,644006846,high
400,183481,558,1957027,542355134,low
401,481418,788,1957027,919869333,high
402,704340,558,1957027,610619859,low
403,1404067,787,1957027,706743042,high
404,832751,558,1957027,508118951,low
405,1341984,787,1957027,650908799,high
406,843879,558,1957027,536596012,low
407,1270982,787,1957027,638840814,high
408,849877,558,1957027,528683758,low
409,1228669,787,1957027,717183932,high
410,1146349,558,1957027,508288755,low
411,1226337,787,1957027,648489059,high
412,736386,559,1957027,611567158,low
413,1664012,786,1957027,847117449,high
414,843282,559,1957027,516638845,low
415,1411840,786,1957027,700748867,high
416,845034,559,1957027,544911417,low
417,1254625,786,1957027,714777627,high
418,1481951,559,1957027,557645329,low
419,1716738,785,1957027,840754822,high
420,1518071,559,1957027,477407307,low
421,1442752,785,1957027,700932365,high
422,1578477,559,1957027,450862747,low
423,1337634,785,1957027,680694143,high
424,1889839,559,1957027,624517794,low
425,1334457,785,1957027,675853798,high
426,144499,560,1957027,518468386,low
427,1324939,785,1957027,704024494,high
428,184660,560,1957027,522623488,low
429,1236411,785,1957027,667760822,high
430,726530,560,1957027,479239260,low
431,1233881,785,1957027,726121640,high
432,846748,560,1957027,533404829,low
433,1231841,785,1957027,711260254,high
434,1507341,560,1957027,510430474,low
435,1105849,785,1957027,641086476,high
436,1532243,560,1957027,506885644,low
437,1459423,784,1957027,687451277,high
438,1562689,560,1957027,475535518,low
439,1323620,784,1957027,698702739,high
440,1634173,560,1957027,505566685,low
441,1263148,784,1957027,638339579,high
442,143312,561,1957027,511990341,low
443,1202865,784,1957027,731333065,high
444,704333,561,1957027,611371532,low
445,1118870,784,1957027,657290908,high
446,863202,561,1957027,509860241,low
447,477982,784,1957027,860285820,high
448,1148070,561,1957027,551993804,low
449,1377947,783,1957027,698910613,high
450,1536665,561,1957027,508567764,low
451,1335505,783,1957027,674025481,high
452,1605205,561,1957027,523509982,low
453,1294050,783,1957027,634384533,high
454,1648703,561,1957027,515663206,low
455,1233371,783,1957027,707505054,high
456,1422,562,1957027,522664717,low
457,618532,783,1957027,640778192,high
458,210197,562,1957027,546755505,low
459,1682620,782,1957027,809287731,high
460,701361,562,1957027,594310944,low
461,1443587,782,1957027,675390726,high
462,819283,562,1957027,618883926,low
463,1268843,782,1957027,630908492,high
464,1517321,562,1957027,484654294,low
465,1236471,782,1957027,667559408,high
466,1534200,562,1957027,503301807,low
467,1116845,782,1957027,657930857,high
468,1586100,562,1957027,453856021,low
469,624998,782,1957027,638495683,high
470,1604183,562,1957027,524279618,low
471,1674656,781,1957027,794857266,high
472,1621339,562,1957027,498238246,low
473,1409535,781,1957027,701506612,high
474,435,563,1957027,525414086,low
475,1263186,781,1957027,633300842,high
476,138777,563,1957027,524184440,low
477,1261958,781,1957027,627474446,high
478,139012,563,1957027,528006483,low
479,1105943,781,1957027,629375904,high
480,207814,563,1957027,566743240,low
481,1378366,780,1957027,691612702,high
482,732823,563,1957027,472487827,low
483,1341437,780,1957027,636198371,high
484,847185,563,1957027,542638841,low
485,1053900,780,1957027,662605076,high
486,1147342,563,1957027,534640589,low
487,1682142,779,1957027,791752259,high
488,1601863,563,1957027,542564154,low
489,1375121,779,1957027,697903226,high
490,1618456,563,1957027,532170465,low
491,1375284,778,1957027,696232139,high
492,35067,564,1957027,538057936,low
493,1350394,778,1957027,683516116,high
494,828794,564,1957027,510005863,low
495,1292045,778,1957027,626556374,high
496,1508701,564,1957027,498425214,low
497,1232090,778,1957027,708487783,high
498,1577275,564,1957027,479928399,low
499,1206741,778,1957027,723857697,high
500,1604837,564,1957027,544161806,low
501,619344,778,1957027,631723650,high
502,1617663,564,1957027,532762091,low
503,1685184,777,1957027,798186842,high
504,1618668,564,1957027,532686155,low
505,1377112,777,1957027,689169613,high
506,1623093,564,1957027,523118846,low
507,1337642,777,1957027,671221092,high
508,190956,565,1957027,525770122,low
509,1333798,777,1957027,671206746,high
510,843865,565,1957027,528597158,low
511,1292749,777,1957027,625160443,high
512,1147523,565,1957027,546444313,low
513,1377108,776,1957027,688148048,high
514,1193001,565,1957027,526812555,low
515,1257189,776,1957027,628449547,high
516,1466771,565,1957027,491455635,low
517,1691366,775,1957027,791729698,high
518,1479672,565,1957027,563541832,low
519,1377045,775,1957027,686191023,high
520,1543449,565,1957027,495107752,low
521,1138263,775,1957027,634019279,high
522,1592605,565,1957027,544767108,low
523,490348,775,1957027,875071895,high
524,1754095,565,1957027,484898910,low
525,1674597,774,1957027,792026608,high
526,124834,566,1957027,513195836,low
527,1386520,774,1957027,696882426,high
528,131440,566,1957027,512483098,low
529,1268548,774,1957027,619589943,high
530,146098,566,1957027,522047677,low
531,1204315,774,1957027,744632049,high
532,188429,566,1957027,537571293,low
533,1130157,774,1957027,629946301,high
534,700549,566,1957027,596216181,low
535,619885,774,1957027,628288006,high
536,1895913,566,1957027,630210832,low
537,1386543,773,1957027,694703742,high
538,91718,567,1957027,604810372,low
539,1108970,773,1957027,627071018,high
540,129513,567,1957027,522287901,low
541,614690,773,1957027,634021961,high
542,130766,567,1957027,509591121,low
543,475306,773,1957027,850267663,high
544,186550,567,1957027,525616666,low
545,1681779,772,1957027,784004326,high
546,837367,567,1957027,522399434,low
547,1676997,772,1957027,812436415,high
548,1466930,567,1957027,496989281,low
549,1377095,772,1957027,684422634,high
550,1499900,567,1957027,493562476,low
551,1351621,772,1957027,640302997,high
552,1543510,567,1957027,493983194,low
553,1332079,772,1957027,635489520,high
554,1574486,567,1957027,488510528,low
555,1281064,772,1957027,624049807,high
556,1753611,567,1957027,486013587,low
557,1101899,772,1957027,648699723,high
558,1902009,567,1957027,645516119,low
559,612636,772,1957027,626378398,high
560,33745,568,1957027,524503475,low
561,609313,772,1957027,630404060,high
562,89622,568,1957027,606101823,low
563,1712906,771,1957027,823048250,high
564,184452,568,1957027,541934189,low
565,1686278,771,1957027,778274044,high
566,702743,568,1957027,610030306,low
567,1666850,771,1957027,811720965,high
568,734219,568,1957027,476692711,low
569,1374982,771,1957027,685010394,high
570,849714,568,1957027,543626549,low
571,1290612,771,1957027,610129392,high
572,1512212,568,1957027,502185932,low
573,1261204,771,1957027,616378644,high
574,1577373,568,1957027,487896274,low
575,1215278,771,1957027,688010857,high
576,99403,569,1957027,573293186,low
577,1097731,771,1957027,653027725,high
578,121774,569,1957027,534333268,low
579,1374891,770,1957027,680906507,high
580,145282,569,1957027,519938737,low
581,1340383,770,1957027,617220604,high
582,1476601,569,1957027,553200162,low
583,1335063,770,1957027,639961460,high
584,1502055,569,1957027,518153544,low
585,1296483,770,1957027,617445107,high
586,1535783,569,1957027,518220356,low
587,1255795,770,1957027,611059080,high
588,1574164,569,1957027,492394021,low
589,1087471,770,1957027,655321050,high
590,110585,570,1957027,498415350,low
591,589677,770,1957027,633189765,high
592,144490,570,1957027,531112177,low
593,1661424,769,1957027,773295367,high
594,1174670,570,1957027,534679909,low
595,1374860,769,1957027,678731563,high
596,1552753,570,1957027,492119673,low
597,1331138,769,1957027,632955496,high
598,1643364,570,1957027,544945957,low
599,1326643,769,1957027,627799981,high
600,1734334,570,1957027,514226149,low
601,1292716,769,1957027,608447192,high
602,1753922,570,1957027,494642327,low
603,1277544,769,1957027,631779704,high
604,1886183,570,1957027,631574733,low
605,1211850,769,1957027,734524856,high
606,39720,571,1957027,537671990,low
607,1678179,768,1957027,801488610,high
608,95490,571,1957027,612503756,low
609,1666505,768,1957027,809507004,high
610,126345,571,1957027,529735973,low
611,1376848,768,1957027,672361261,high
612,144614,571,1957027,519703706,low
613,1322451,768,1957027,672076606,high
614,235573,571,1957027,593853497,low
615,1304599,768,1957027,687447054,high
616,716765,571,1957027,590641294,low
617,1291150,768,1957027,608223563,high
618,718004,571,1957027,607897505,low
619,1092625,768,1957027,637495179,high
620,730821,571,1957027,488464743,low
621,1844250,767,1957027,791712105,high
622,833911,571,1957027,543174132,low
623,1676699,767,1957027,794531920,high
624,1567580,571,1957027,456199677,low
625,1394289,767,1957027,679616329,high
626,1599001,571,1957027,543281803,low
627,1293236,767,1957027,608921741,high
628,1616885,571,1957027,543436402,low
629,1289626,767,1957027,625889410,high
630,34139,572,1957027,538860606,low
631,1206474,767,1957027,712758128,high
632,36742,572,1957027,537764644,low
633,1105377,767,1957027,610202480,high
634,42207,572,1957027,544556564,low
635,616578,767,1957027,623346141,high
636,128929,572,1957027,531909485,low
637,476268,767,1957027,834693118,high
638,734359,572,1957027,468838927,low
639,1439534,766,1957027,671351535,high
640,851708,572,1957027,547758962,low
641,1347632,766,1957027,656849807,high
642,1508946,572,1957027,512977942,low
643,1291260,766,1957027,606806823,high
644,1576801,572,1957027,497063491,low
645,1261594,766,1957027,602070690,high
646,1599619,572,1957027,542476926,low
647,1142092,766,1957027,624982146,high
648,53059,573,1957027,583688525,low
649,315326,766,1957027,725599509,high
650,87454,573,1957027,582554513,low
651,1720100,765,1957027,798904785,high
652,732267,573,1957027,479948065,low
653,1679000,765,1957027,805284192,high
654,1521137,573,1957027,492591523,low
655,1376699,765,1957027,666709432,high
656,1577669,573,1957027,498038362,low
657,1330397,765,1957027,652047379,high
658,1752741,573,1957027,497971926,low
659,1259316,765,1957027,628649845,high
660,39431,574,1957027,528261974,low
661,626947,765,1957027,615405648,high
662,87225,574,1957027,583101695,low
663,608778,765,1957027,615865046,high
664,137357,574,1957027,519982824,low
665,589466,765,1957027,621735862,high
666,137626,574,1957027,525659815,low
667,1686097,764,1957027,801477569,high
668,449190,574,1957027,529411898,low
669,1401145,764,1957027,670432181,high
670,1467719,574,1957027,508501912,low
671,1320765,764,1957027,659449291,high
672,1509051,574,1957027,511134785,low
673,1290456,764,1957027,605927994,high
674,1542322,574,1957027,489204593,low
675,1290145,764,1957027,622551243,high
676,1575661,574,1957027,499886577,low
677,1213284,764,1957027,694162062,high
678,1599432,574,1957027,547878774,low
679,1101922,764,1957027,634492758,high
680,1639767,574,1957027,529167225,low
681,620102,764,1957027,623611681,high
682,1741737,574,1957027,516930795,low
683,585538,764,1957027,627644882,high
684,88474,575,1957027,586405851,low
685,484415,764,1957027,883872192,high
686,195682,575,1957027,604938817,low
687,484384,764,1957027,886037837,high
688,231363,575,1957027,537951203,low
689,476705,764,1957027,824005876,high
690,731618,575,1957027,482393632,low
691,1708818,763,1957027,813284569,high
692,1498632,575,1957027,526902282,low
693,1662064,763,1957027,801044895,high
694,1574715,575,1957027,504063417,low
695,1449641,763,1957027,656753896,high
696,1592045,575,1957027,563208124,low
697,1373545,763,1957027,672512210,high
698,1624573,575,1957027,530346952,low
699,1288115,763,1957027,606944190,high
700,1752687,575,1957027,518345481,low
701,607031,763,1957027,617244827,high
702,4745,576,1957027,533442263,low
703,1409096,762,1957027,662120169,high
704,138156,576,1957027,531225178,low
705,1280746,762,1957027,608488950,high
706,194600,576,1957027,577113505,low
707,1107665,762,1957027,603446672,high
708,214328,576,1957027,593501819,low
709,606931,762,1957027,610218026,high
710,217610,576,1957027,586013670,low
711,1846516,761,1957027,769663334,high
712,834927,576,1957027,540627417,low
713,1398535,761,1957027,664077062,high
714,1575325,576,1957027,504984433,low
715,1290159,761,1957027,617562062,high
716,1600828,576,1957027,560231012,low
717,1280165,761,1957027,608885257,high
718,1621062,576,1957027,538682039,low
719,1214123,761,1957027,679961352,high
720,1635594,576,1957027,521942119,low
721,1095563,761,1957027,643129299,high
722,1640032,576,1957027,534326801,low
723,620299,761,1957027,620509386,high
724,4038,577,1957027,485113000,low
725,493017,761,1957027,871040193,high
726,33530,577,1957027,544419665,low
727,1391089,760,1957027,668883112,high
728,40783,577,1957027,541596989,low
729,1350887,760,1957027,657822147,high
730,135696,577,1957027,540853036,low
731,1285792,760,1957027,614704070,high
732,231289,577,1957027,544004263,low
733,1087586,760,1957027,641354581,high
734,834259,577,1957027,539892442,low
735,493903,760,1957027,878350354,high
736,1177397,577,1957027,566173199,low
737,492510,760,1957027,858194941,high
738,1197324,577,1957027,560483718,low
739,1667109,759,1957027,800169918,high
740,1575207,577,1957027,506130516,low
741,1392005,759,1957027,666512257,high
742,1635657,577,1957027,528798617,low
743,1289105,759,1957027,614184011,high
744,1739396,577,1957027,495541477,low
745,1094108,759,1957027,626815249,high
746,3308,578,1957027,487796234,low
747,623931,759,1957027,621110181,high
748,40380,578,1957027,545058768,low
749,1705333,758,1957027,805156113,high
750,84212,578,1957027,590252482,low
751,1691896,758,1957027,801698182,high
752,126515,578,1957027,540587121,low
753,1405106,758,1957027,670931233,high
754,145952,578,1957027,553294383,low
755,1320689,758,1957027,652376263,high
756,448833,578,1957027,536961395,low
757,1280347,758,1957027,601642659,high
758,829198,578,1957027,550152701,low
759,1206233,758,1957027,699954476,high
760,1181274,578,1957027,551190473,low
761,1107183,758,1957027,602352525,high
762,1574761,578,1957027,510501729,low
763,593514,758,1957027,619979444,high
764,1628750,578,1957027,534328791,low
765,586248,758,1957027,616514625,high
766,1639886,578,1957027,536655114,low
767,1440638,757,1957027,647366841,high
768,43477,579,1957027,542939256,low
769,1373501,757,1957027,660514866,high
770,457257,579,1957027,529628909,low
771,1331155,757,1957027,634117888,high
772,731431,579,1957027,486026536,low
773,1205396,757,1957027,706262519,high
774,1572525,579,1957027,496609807,low
775,609980,757,1957027,620190478,high
776,1625924,579,1957027,536533368,low
777,585430,757,1957027,615239604,high
778,48226,580,1957027,585451528,low
779,314944,757,1957027,723461011,high
780,95616,580,1957027,594272354,low
781,1705170,756,1957027,789882654,high
782,123711,580,1957027,501956652,low
783,1661810,756,1957027,796915005,high
784,128320,580,1957027,542820589,low
785,1394666,756,1957027,660960411,high
786,134475,580,1957027,548429878,low
787,1327830,756,1957027,599512217,high
788,134747,580,1957027,548666171,low
789,1252419,756,1957027,674622895,high
790,726889,580,1957027,486084440,low
791,1098725,756,1957027,643325566,high
792,730366,580,1957027,495861471,low
793,591134,756,1957027,617087453,high
794,823042,580,1957027,621826850,low
795,1684598,755,1957027,764661890,high
796,1177126,580,1957027,557177632,low
797,1680304,755,1957027,771147563,high
798,1573682,580,1957027,487663916,low
799,1436564,755,1957027,647162491,high
